Gare de départ,Date,temperature_2m_mean,temperature_2m_max,temperature_2m_min,precipitation_sum,rain_sum,snowfall_sum,wind_speed_10m_max,wind_gusts_10m_max,daylight_duration
AIX EN PROVENCE TGV,2018-01-01,9.691331,17.55,1.7,60.899998,60.899998,0.0,44.6458,83.520004,33768.734
AIX EN PROVENCE TGV,2018-02-01,4.70625,14.45,-3.7,42.300003,33.4,6.2299995,48.828793,90.72,37842.78
AIX EN PROVENCE TGV,2018-03-01,9.380779,18.05,-0.9,77.1,73.6,2.4499998,52.26079,98.27999,42985.414
AIX EN PROVENCE TGV,2018-04-01,14.830277,25.7,5.5,81.7,81.7,0.0,42.69606,89.64,48359.4
AIX EN PROVENCE TGV,2018-05-01,17.180914,28.75,6.9,104.3,104.3,0.0,38.183765,71.64,52941.72
AIX EN PROVENCE TGV,2018-06-01,21.723682,31.6,15.6,51.7,51.7,0.0,42.183025,80.64,55293.766
AIX EN PROVENCE TGV,2018-07-01,25.5916,34.55,17.75,14.000001,14.000001,0.0,34.417206,68.4,54149.21
AIX EN PROVENCE TGV,2018-08-01,25.054974,37.05,14.4,38.600002,38.600002,0.0,37.5851,72.36,50145.508
AIX EN PROVENCE TGV,2018-09-01,21.623472,32.5,12.9,2.6000001,2.6000001,0.0,40.57633,79.56,45011.617
AIX EN PROVENCE TGV,2018-10-01,16.291061,25.75,4.8,195.8,195.8,0.0,50.555332,99.36,39667.754
AIX EN PROVENCE TGV,2018-11-01,12.188264,20.0,3.9,148.8,148.8,0.0,43.715916,89.64,34946.62
AIX EN PROVENCE TGV,2018-12-01,8.058737,17.55,-1.45,40.8,40.8,0.0,34.358788,66.24,32455.096
AIX EN PROVENCE TGV,2019-01-01,4.6902556,12.5,-2.7,10.4,9.0,0.98,48.81419,92.52,33744.707
AIX EN PROVENCE TGV,2019-02-01,7.8529763,20.15,-1.1,23.3,23.0,0.21000001,49.11065,92.52,37803.71
AIX EN PROVENCE TGV,2019-03-01,11.058332,21.35,2.7,5.9999995,5.9999995,0.0,46.727947,90.0,42942.05
AIX EN PROVENCE TGV,2019-04-01,12.7138195,24.65,2.4,67.6,67.6,0.0,43.952446,84.24,48320.09
AIX EN PROVENCE TGV,2019-05-01,15.548521,25.45,3.5,25.8,25.8,0.0,57.494152,109.799995,52912.125
AIX EN PROVENCE TGV,2019-06-01,22.166042,37.75,10.85,17.1,17.1,0.0,33.64989,66.24,55289.793
AIX EN PROVENCE TGV,2019-07-01,25.432661,33.95,16.35,6.0,6.0,0.0,42.635307,84.24,54170.44
AIX EN PROVENCE TGV,2019-08-01,24.812971,33.8,16.4,3.5,3.5,0.0,37.952263,73.439995,50184.47
AIX EN PROVENCE TGV,2019-09-01,20.573473,31.85,12.7,117.9,117.9,0.0,43.498966,82.439995,45053.348
AIX EN PROVENCE TGV,2019-10-01,17.118078,25.65,8.65,191.90001,191.90001,0.0,46.8512,88.56,39711.117
AIX EN PROVENCE TGV,2019-11-01,10.075902,19.25,2.15,170.4,170.4,0.0,39.463947,81.72,34976.84
AIX EN PROVENCE TGV,2019-12-01,9.861358,17.5,2.25,89.1,89.1,0.0,43.644707,83.88,32460.562
AIX EN PROVENCE TGV,2020-01-01,8.4861555,15.85,1.05,28.900002,28.900002,0.0,38.046055,73.799995,33721.31
AIX EN PROVENCE TGV,2020-02-01,9.93556,19.9,2.3,11.1,11.1,0.0,44.780586,90.36,37845.887
AIX EN PROVENCE TGV,2020-03-01,10.57426,21.5,2.3,31.900002,31.900002,0.0,40.42593,79.2,43079.543
AIX EN PROVENCE TGV,2020-04-01,14.004583,22.65,4.45,71.4,71.4,0.0,26.341572,52.199997,48446.484
AIX EN PROVENCE TGV,2020-05-01,18.45652,26.75,9.65,60.5,60.5,0.0,33.90313,73.799995,53007.137
AIX EN PROVENCE TGV,2020-06-01,20.935833,32.0,12.6,45.0,45.0,0.0,45.60079,86.76,55306.016
AIX EN PROVENCE TGV,2020-07-01,24.967607,34.85,16.6,1.8000001,1.8000001,0.0,45.281357,86.399994,54100.098
AIX EN PROVENCE TGV,2020-08-01,24.820364,36.65,15.2,20.4,20.4,0.0,42.136917,82.439995,50067.152
AIX EN PROVENCE TGV,2020-09-01,20.343681,30.45,9.45,53.6,53.6,0.0,39.8447,77.4,44918.965
AIX EN PROVENCE TGV,2020-10-01,14.080578,22.15,5.45,41.000004,41.000004,0.0,51.984795,99.0,39581.895
AIX EN PROVENCE TGV,2020-11-01,12.418263,20.65,2.7,23.800001,23.800001,0.0,42.86873,81.0,34876.99
AIX EN PROVENCE TGV,2020-12-01,7.501075,15.75,-3.1,48.8,48.8,0.0,49.549393,95.76,32444.086
AIX EN PROVENCE TGV,2021-01-01,5.7314515,16.5,-4.0,61.5,56.7,3.36,44.867325,85.32,33796.586
AIX EN PROVENCE TGV,2021-02-01,10.056771,17.15,1.2,59.699997,59.699997,0.0,42.206066,78.84,37885.707
AIX EN PROVENCE TGV,2021-03-01,9.992271,19.9,0.4,14.1,14.1,0.0,50.569427,96.479996,43035.785
AIX EN PROVENCE TGV,2021-04-01,12.225,23.0,2.1,73.200005,73.200005,0.0,51.085762,99.0,48405.527
AIX EN PROVENCE TGV,2021-05-01,15.757459,28.3,6.15,89.0,89.0,0.0,37.455574,73.079994,52977.62
AIX EN PROVENCE TGV,2021-06-01,23.380554,34.6,14.6,8.2,8.2,0.0,34.154495,73.079994,55300.773
AIX EN PROVENCE TGV,2021-07-01,24.40793,34.05,14.85,14.5,14.5,0.0,39.268063,76.32,54124.47
AIX EN PROVENCE TGV,2021-08-01,23.280981,36.2,14.45,23.5,23.5,0.0,38.251587,72.72,50103.855
AIX EN PROVENCE TGV,2021-09-01,20.838749,29.55,12.75,104.1,104.1,0.0,33.88019,64.439995,44963.008
AIX EN PROVENCE TGV,2021-10-01,15.059678,24.0,7.75,122.49999,122.49999,0.0,44.208233,84.6,39621.047
AIX EN PROVENCE TGV,2021-11-01,9.901806,19.55,1.5,92.4,91.600006,0.56,40.091133,74.159996,34909.883
AIX EN PROVENCE TGV,2021-12-01,7.1211696,19.35,-3.45,47.199997,46.8,0.28,43.327312,79.2,32448.691
AIX EN PROVENCE TGV,2022-01-01,5.0536294,14.3,-2.9,0.6,0.6,0.0,50.84673,93.96,33769.484
AIX EN PROVENCE TGV,2022-02-01,8.906995,19.35,0.45,23.699999,23.699999,0.0,54.70342,98.64,37846.918
AIX EN PROVENCE TGV,2022-03-01,10.662231,21.75,-0.5,15.2,15.2,0.0,40.42593,79.92,42990.156
AIX EN PROVENCE TGV,2022-04-01,13.015278,25.7,1.2,31.500002,31.500002,0.0,54.911507,104.399994,48366.59
AIX EN PROVENCE TGV,2022-05-01,19.174059,31.45,9.95,12.299999,12.299999,0.0,39.575443,72.36,52947.22
AIX EN PROVENCE TGV,2022-06-01,24.379791,34.4,14.3,19.4,19.4,0.0,45.242702,85.67999,55296.52
AIX EN PROVENCE TGV,2022-07-01,26.428629,38.25,14.2,0.1,0.1,0.0,39.45245,73.799995,54147.055
AIX EN PROVENCE TGV,2022-08-01,25.502754,36.4,17.1,41.0,41.0,0.0,41.236897,76.67999,50139.96
AIX EN PROVENCE TGV,2022-09-01,20.321527,32.3,10.8,51.9,51.9,0.0,41.574936,78.12,45005.42
AIX EN PROVENCE TGV,2022-10-01,18.572647,27.55,9.65,16.400002,16.400002,0.0,33.40249,61.199997,39661.406
AIX EN PROVENCE TGV,2022-11-01,12.149167,22.6,2.0,95.5,95.5,0.0,36.71294,67.32,34941.562
AIX EN PROVENCE TGV,2022-12-01,8.898119,17.4,-3.45,102.0,102.0,0.0,34.20568,65.159996,32452.727
AIX EN PROVENCE TGV,2023-01-01,6.373051,16.45,-3.1,9.4,9.1,0.21000001,47.033417,86.399994,33745.797
AIX EN PROVENCE TGV,2023-02-01,6.910491,17.35,-3.2,30.9,23.0,5.5299997,43.498962,79.92,37806.355
AIX EN PROVENCE TGV,2023-03-01,10.926546,20.3,0.4,11.400001,11.400001,0.0,44.61967,83.520004,42946.234
AIX EN PROVENCE TGV,2023-04-01,13.788959,25.3,3.25,21.0,21.0,0.0,47.40258,87.479996,48325.117
AIX EN PROVENCE TGV,2023-05-01,17.557997,27.1,9.05,86.1,86.1,0.0,44.76756,85.32,52917.47
AIX EN PROVENCE TGV,2023-06-01,22.491112,34.75,14.45,78.4,78.4,0.0,39.02639,72.72,55292.004
AIX EN PROVENCE TGV,2023-07-01,25.738644,35.95,16.65,4.7,4.7,0.0,40.23795,74.520004,54168.164
AIX EN PROVENCE TGV,2023-08-01,23.784342,35.4,14.35,38.1,38.1,0.0,46.928593,86.399994,50179.473
AIX EN PROVENCE TGV,2023-09-01,21.250624,31.45,10.4,29.900002,29.900002,0.0,38.03243,69.12,45046.504
AIX EN PROVENCE TGV,2023-10-01,17.967138,27.3,9.4,45.1,45.1,0.0,41.797222,73.439995,39704.758
AIX EN PROVENCE TGV,2023-11-01,10.358334,20.85,-0.55,45.4,45.4,0.0,47.981396,85.67999,34970.652
AIX EN PROVENCE TGV,2023-12-01,7.5964384,16.55,-1.6,44.100002,44.100002,0.0,41.862286,77.4,32458.947
AIX EN PROVENCE TGV,2024-01-01,7.0160623,17.2,-2.3,42.600002,42.600002,0.0,46.54592,83.520004,33723.203
AIX EN PROVENCE TGV,2024-02-01,9.3576145,17.2,0.65,83.5,83.4,0.07,42.05225,74.159996,37849.566
AIX EN PROVENCE TGV,2024-03-01,11.218817,20.5,0.3,170.0,170.0,0.0,46.24424,82.439995,43084.668
AIX EN PROVENCE TGV,2024-04-01,13.378889,25.0,3.25,71.00001,71.00001,0.0,48.75442,88.2,48451.305
AIX EN PROVENCE TGV,2024-05-01,16.491262,24.9,8.0,105.79999,105.79999,0.0,39.439312,73.439995,53012.34
AIX EN PROVENCE TGV,2024-06-01,20.886528,32.0,12.05,42.400005,42.400005,0.0,38.71465,73.079994,55307.355
AIX EN PROVENCE TGV,2024-07-01,24.677622,34.45,16.8,22.7,22.7,0.0,40.565147,74.159996,54097.75
AIX EN PROVENCE TGV,2024-08-01,25.335686,35.7,14.9,26.5,26.5,0.0,39.152378,70.2,50061.785
AIX EN PROVENCE TGV,2024-09-01,18.724445,30.85,8.1,94.7,94.7,0.0,52.12049,95.399994,44912.715
AIX EN PROVENCE TGV,2024-10-01,17.15719,26.15,7.2,69.0,69.0,0.0,38.96158,71.28,39575.727
AIX EN PROVENCE TGV,2024-11-01,11.475555,23.05,-0.1,53.799995,53.799995,0.0,29.800194,59.76,34871.926
AIX EN PROVENCE TGV,2024-12-01,6.3261423,14.8,-2.3,20.800001,20.800001,0.0,42.72413,84.24,32442.824
AIX EN PROVENCE TGV,2025-01-01,7.475067,16.6,-3.9,54.299995,54.299995,0.0,33.264954,63.72,33798.645
AIX EN PROVENCE TGV,2025-02-01,8.8587055,15.5,0.3,64.6,64.6,0.0,36.26229,75.96,37890.336
AIX EN PROVENCE TGV,2025-03-01,10.595699,19.0,0.25,100.9,100.9,0.0,41.040398,79.2,43040.867
AIX EN PROVENCE TGV,2025-04-01,14.203125,23.7,5.0,68.5,68.5,0.0,41.22157,91.439995,48410.605
AIX EN PROVENCE TGV,2025-05-01,17.787298,29.6,8.75,34.699997,34.699997,0.0,38.49181,77.76,52982.113
AIX EN PROVENCE TGV,2025-06-01,24.677221,35.6,14.15,6.2,6.2,0.0,31.655956,63.36,55301.918
AIX EN PROVENCE TGV,2025-07-01,24.998991,37.5,15.15,16.599998,16.599998,0.0,40.7548,83.520004,54121.273
AIX EN PROVENCE TGV,2025-08-01,24.822714,37.45,15.15,41.3,41.3,0.0,29.487053,59.76,50097.434
AIX EN PROVENCE TGV,2025-09-01,18.585,28.35,9.1,140.5,140.5,0.0,27.939455,57.239998,44955.54
AIX EN PROVENCE TGV,2025-10-01,15.295766,24.9,8.1,80.3,80.3,0.0,36.247547,73.439995,39614.043
AIX EN PROVENCE TGV,2025-11-01,9.815556,20.25,-2.95,77.700005,77.700005,0.0,44.76756,88.56,34904.652
AIX EN PROVENCE TGV,2025-12-01,8.934207,16.25,-1.3,102.50001,102.50001,0.0,36.985947,70.56,32447.357
ANGERS SAINT LAUD,2018-01-01,8.468548,14.2,0.25,83.1,83.1,0.0,44.35165,97.92,32226.488
ANGERS SAINT LAUD,2018-02-01,3.2346725,12.4,-6.4,53.7,46.3,5.1800003,32.409996,60.479996,36977.844
ANGERS SAINT LAUD,2018-03-01,7.4955645,16.8,-3.6,109.799995,106.299995,2.45,36.516495,69.84,42910.664
ANGERS SAINT LAUD,2018-04-01,12.501041,26.75,3.25,94.7,94.7,0.0,33.283943,64.439995,49105.168
ANGERS SAINT LAUD,2018-05-01,15.406116,26.35,5.05,45.9,45.9,0.0,28.385262,55.44,54442.066
ANGERS SAINT LAUD,2018-06-01,19.281597,32.05,10.8,89.399994,89.399994,0.0,25.809765,52.56,57221.11
ANGERS SAINT LAUD,2018-07-01,22.176615,33.75,14.05,53.100002,53.100002,0.0,27.07669,56.16,55864.44
ANGERS SAINT LAUD,2018-08-01,20.958872,35.2,9.35,38.5,38.5,0.0,30.05515,61.199997,51176.07
ANGERS SAINT LAUD,2018-09-01,17.879236,30.55,6.3,11.900001,11.900001,0.0,29.49804,60.479996,45242.902
ANGERS SAINT LAUD,2018-10-01,13.6334,26.35,1.55,43.2,42.0,0.84000003,31.559086,61.56,39087.85
ANGERS SAINT LAUD,2018-11-01,8.508265,16.75,-3.3,118.600006,118.600006,0.0,34.75445,72.0,33607.383
ANGERS SAINT LAUD,2018-12-01,8.205511,14.8,-3.5,81.200005,81.200005,0.0,35.844864,80.28,30678.172
ANGERS SAINT LAUD,2019-01-01,4.8778224,11.0,-3.25,53.4,52.5,0.63,44.874546,77.4,32198.254
ANGERS SAINT LAUD,2019-02-01,7.168824,19.95,-0.95,49.7,49.7,0.0,39.84307,79.56,36932.566
ANGERS SAINT LAUD,2019-03-01,9.4125,19.85,1.6,37.9,37.9,0.0,43.582306,85.67999,42860.754
ANGERS SAINT LAUD,2019-04-01,11.056181,24.15,0.15,50.100002,50.0,0.07,30.953718,62.279995,49059.695
ANGERS SAINT LAUD,2019-05-01,13.557594,26.1,3.0,36.5,36.5,0.0,39.53121,79.92,54407.31
ANGERS SAINT LAUD,2019-06-01,19.05368,37.45,6.85,59.3,59.3,0.0,45.891174,90.36,57216.383
ANGERS SAINT LAUD,2019-07-01,22.405443,38.25,12.25,21.6,21.6,0.0,28.555965,59.399998,55889.523
ANGERS SAINT LAUD,2019-08-01,20.489582,33.55,9.95,42.8,42.8,0.0,30.888754,60.479996,51221.35
ANGERS SAINT LAUD,2019-09-01,17.583403,29.3,8.25,34.300003,34.300003,0.0,36.16701,73.079994,45290.95
ANGERS SAINT LAUD,2019-10-01,14.151613,23.35,5.5,135.1,135.1,0.0,30.113304,67.32,39137.914
ANGERS SAINT LAUD,2019-11-01,8.204375,17.5,0.0,128.9,128.9,0.0,35.50155,73.799995,33642.715
ANGERS SAINT LAUD,2019-12-01,7.8307796,15.05,-1.25,92.9,92.9,0.0,43.73963,84.6,30684.633
ANGERS SAINT LAUD,2020-01-01,7.588038,14.0,-0.95,56.6,56.6,0.0,32.396,69.479996,32170.754
ANGERS SAINT LAUD,2020-02-01,9.169827,16.95,0.7,81.0,81.0,0.0,49.924614,99.0,36981.246
ANGERS SAINT LAUD,2020-03-01,8.846035,20.25,0.55,77.0,77.0,0.0,40.340885,86.76,43019.008
ANGERS SAINT LAUD,2020-04-01,14.149236,24.9,1.3,57.2,57.2,0.0,36.969738,79.2,49205.914
ANGERS SAINT LAUD,2020-05-01,16.328226,28.7,5.75,69.7,69.7,0.0,30.027107,59.76,54518.918
ANGERS SAINT LAUD,2020-06-01,17.240763,31.4,8.9,91.3,91.3,0.0,33.864883,64.799995,57235.688
ANGERS SAINT LAUD,2020-07-01,20.11492,33.4,9.8,9.099999,9.099999,0.0,29.869154,59.039997,55806.42
ANGERS SAINT LAUD,2020-08-01,20.99281,36.75,10.0,36.1,36.1,0.0,34.1526,67.32,51085.02
ANGERS SAINT LAUD,2020-09-01,18.203402,33.8,8.45,49.0,49.0,0.0,30.802622,62.279995,45136.223
ANGERS SAINT LAUD,2020-10-01,12.450807,19.6,4.1,124.8,124.8,0.0,42.99702,89.27999,38988.727
ANGERS SAINT LAUD,2020-11-01,10.034375,18.9,0.5,30.2,30.2,0.0,36.452553,77.4,33525.938
ANGERS SAINT LAUD,2020-12-01,7.2844086,15.0,-1.3,136.4,136.3,0.07,42.548588,92.52,30665.146
ANGERS SAINT LAUD,2021-01-01,4.812299,13.15,-4.05,88.5,87.399994,0.77,42.839996,93.6,32259.207
ANGERS SAINT LAUD,2021-02-01,7.424702,18.2,-4.9,51.0,49.8,0.84000003,38.84832,83.159996,37027.57
ANGERS SAINT LAUD,2021-03-01,8.005377,23.1,-1.95,19.6,19.6,0.0,39.47708,86.03999,42968.64
ANGERS SAINT LAUD,2021-04-01,10.128958,25.05,-1.2,17.199999,17.099998,0.07,27.475807,54.0,49158.527
ANGERS SAINT LAUD,2021-05-01,12.919019,25.2,3.0,80.0,80.0,0.0,37.84283,80.28,54484.242
ANGERS SAINT LAUD,2021-06-01,18.73125,31.25,9.25,111.600006,111.600006,0.0,23.86341,51.48,57229.45
ANGERS SAINT LAUD,2021-07-01,19.164515,30.6,12.15,60.999996,60.999996,0.0,26.576681,54.0,55835.21
ANGERS SAINT LAUD,2021-08-01,18.413105,29.65,12.4,39.300003,39.300003,0.0,30.385365,59.399998,51127.668
ANGERS SAINT LAUD,2021-09-01,18.497362,32.2,8.6,38.199997,38.199997,0.0,27.06472,54.0,45186.93
ANGERS SAINT LAUD,2021-10-01,12.734073,23.05,2.6,63.700005,63.700005,0.0,40.88497,86.76,39033.926
ANGERS SAINT LAUD,2021-11-01,6.747847,15.0,-0.15,28.300001,28.300001,0.0,29.275326,59.039997,33564.418
ANGERS SAINT LAUD,2021-12-01,7.113508,15.8,-2.75,107.5,107.4,0.07,34.358788,66.24,30670.598
ANGERS SAINT LAUD,2022-01-01,5.3536286,15.3,-2.9,48.100002,48.100002,0.0,39.061245,78.12,32227.363
ANGERS SAINT LAUD,2022-02-01,7.5912943,14.6,-2.05,29.4,29.4,0.0,40.565147,72.0,36982.633
ANGERS SAINT LAUD,2022-03-01,10.009678,21.15,-0.15,51.000004,51.000004,0.0,29.268686,62.639996,42916.12
ANGERS SAINT LAUD,2022-04-01,11.710347,22.3,-1.65,42.6,41.399998,0.84000003,39.75189,82.799995,49113.49
ANGERS SAINT LAUD,2022-05-01,16.863644,29.75,7.5,67.4,67.4,0.0,25.6233,49.68,54448.523
ANGERS SAINT LAUD,2022-06-01,19.66493,38.95,8.85,63.700005,63.700005,0.0,29.301876,55.44,57224.387
ANGERS SAINT LAUD,2022-07-01,22.51922,39.6,9.8,11.099999,11.099999,0.0,23.233252,50.76,55861.9
ANGERS SAINT LAUD,2022-08-01,22.626076,35.4,14.2,32.100002,32.100002,0.0,24.248613,49.32,51169.625
ANGERS SAINT LAUD,2022-09-01,16.91618,31.85,6.05,57.6,57.6,0.0,33.004364,61.920002,45235.766
ANGERS SAINT LAUD,2022-10-01,16.200134,24.9,5.45,50.1,50.1,0.0,36.67055,69.84,39080.523
ANGERS SAINT LAUD,2022-11-01,10.550487,17.75,3.0,80.0,80.0,0.0,41.742928,80.28,33601.465
ANGERS SAINT LAUD,2022-12-01,5.8150535,16.6,-4.3,75.1,75.1,0.0,36.204617,66.6,30675.367
ANGERS SAINT LAUD,2023-01-01,6.6001344,16.25,-2.8,82.9,78.4,3.1499999,38.575474,73.799995,32199.533
ANGERS SAINT LAUD,2023-02-01,5.8481402,15.05,-2.65,21.9,21.9,0.0,30.027107,61.920002,36935.633
ANGERS SAINT LAUD,2023-03-01,9.189449,21.15,-2.35,102.1,102.1,0.0,43.775166,83.88,42865.57
ANGERS SAINT LAUD,2023-04-01,10.834861,19.7,0.05,71.5,71.5,0.0,41.587402,76.67999,49065.508
ANGERS SAINT LAUD,2023-05-01,15.436089,26.8,5.75,64.9,64.9,0.0,28.51282,57.239998,54413.59
ANGERS SAINT LAUD,2023-06-01,21.328543,31.65,11.65,60.2,60.2,0.0,23.675304,43.92,57219.016
ANGERS SAINT LAUD,2023-07-01,19.878225,31.5,11.6,46.5,46.5,0.0,35.143818,64.079994,55886.84
ANGERS SAINT LAUD,2023-08-01,20.271572,34.25,10.55,61.7,61.7,0.0,44.05847,81.0,51215.543
ANGERS SAINT LAUD,2023-09-01,20.185972,32.65,8.95,66.6,66.6,0.0,31.608328,57.96,45283.07
ANGERS SAINT LAUD,2023-10-01,15.141533,29.25,6.95,105.0,105.0,0.0,38.141315,73.799995,39130.574
ANGERS SAINT LAUD,2023-11-01,9.975486,16.9,-0.6,106.200005,106.200005,0.0,45.56525,86.76,33635.48
ANGERS SAINT LAUD,2023-12-01,8.056048,14.95,-4.3,68.0,67.899994,0.07,37.47633,71.28,30682.72
ANGERS SAINT LAUD,2024-01-01,5.5590053,14.95,-4.95,78.200005,77.3,0.63,42.144608,78.479996,32172.977
ANGERS SAINT LAUD,2024-02-01,9.431896,18.0,1.25,105.2,105.2,0.0,40.83898,85.67999,36985.504
ANGERS SAINT LAUD,2024-03-01,9.075134,18.85,-0.15,87.6,87.6,0.0,41.89942,81.36,43024.902
ANGERS SAINT LAUD,2024-04-01,11.332778,23.9,1.85,62.3,62.3,0.0,36.997772,66.96,49211.492
ANGERS SAINT LAUD,2024-05-01,14.133064,26.1,6.9,126.90001,126.90001,0.0,27.666182,51.839996,54525.035
ANGERS SAINT LAUD,2024-06-01,17.027916,29.75,6.65,53.899998,53.899998,0.0,31.178993,59.039997,57237.277
ANGERS SAINT LAUD,2024-07-01,19.169556,33.35,10.25,84.0,84.0,0.0,29.337238,55.079998,55803.65
ANGERS SAINT LAUD,2024-08-01,20.087435,33.85,10.15,35.4,35.4,0.0,33.16692,67.67999,51078.785
ANGERS SAINT LAUD,2024-09-01,15.51132,25.15,5.95,72.5,72.5,0.0,35.878296,71.28,45129.023
ANGERS SAINT LAUD,2024-10-01,13.920698,21.95,5.7,139.2,139.2,0.0,30.240534,60.839996,38981.6
ANGERS SAINT LAUD,2024-11-01,9.555834,17.65,-0.55,69.8,59.4,7.2799997,41.604923,87.479996,33520.02
ANGERS SAINT LAUD,2024-12-01,7.0028224,15.7,0.1,28.8,28.5,0.21000001,35.24738,74.159996,30663.652
ANGERS SAINT LAUD,2025-01-01,5.0311155,13.65,-3.85,155.1,152.70001,1.6800001,41.67379,85.32,32261.625
ANGERS SAINT LAUD,2025-02-01,5.9662204,15.75,-1.85,65.4,65.100006,0.21000001,34.238346,74.159996,37032.938
ANGERS SAINT LAUD,2025-03-01,8.755981,17.8,-0.35,44.8,44.4,0.28,23.78453,53.28,42974.49
ANGERS SAINT LAUD,2025-04-01,12.802708,25.65,4.75,44.7,44.7,0.0,31.5,66.6,49164.41
ANGERS SAINT LAUD,2025-05-01,16.09738,31.25,6.3,38.7,38.7,0.0,25.041359,51.839996,54489.52
ANGERS SAINT LAUD,2025-06-01,21.334236,36.9,10.3,30.7,30.7,0.0,30.454063,65.159996,57230.812
ANGERS SAINT LAUD,2025-07-01,21.051344,35.05,11.85,50.600002,50.600002,0.0,28.863493,61.56,55831.434
ANGERS SAINT LAUD,2025-08-01,21.603964,35.55,11.7,38.800003,38.800003,0.0,23.899364,56.519997,51120.21
ANGERS SAINT LAUD,2025-09-01,16.371319,31.05,8.9,40.399998,40.399998,0.0,35.870163,84.6,45178.324
ANGERS SAINT LAUD,2025-10-01,13.279772,20.45,6.45,57.6,57.6,0.0,33.513855,73.799995,39025.844
ANGERS SAINT LAUD,2025-11-01,10.136527,19.55,-1.85,67.6,66.6,0.7,26.6552,61.56,33558.297
ANGERS SAINT LAUD,2025-12-01,7.1724463,16.45,-1.9,55.7,54.7,0.7,31.600637,66.6,30669.016
ANGOULEME,2018-01-01,8.382729,15.0,-0.45,161.1,161.1,0.0,44.12754,94.32,32961.254
ANGOULEME,2018-02-01,3.1395833,13.2,-6.5,79.0,69.6,6.58,30.018473,54.0,37388.203
ANGOULEME,2018-03-01,8.024463,18.65,-3.1,133.4,132.6,0.56,33.487743,70.92,42945.75
ANGOULEME,2018-04-01,13.055764,26.5,2.5,73.299995,73.299995,0.0,36.982006,73.799995,48750.754
ANGOULEME,2018-05-01,15.61539,26.7,2.5,81.4,81.4,0.0,22.033648,45.36,53726.39
ANGOULEME,2018-06-01,19.635279,32.75,10.85,74.1,74.1,0.0,25.212852,50.399998,56298.695
ANGOULEME,2018-07-01,22.437029,34.2,14.6,34.8,34.8,0.0,19.959719,42.839996,55044.977
ANGOULEME,2018-08-01,22.229973,35.05,10.95,22.900002,22.900002,0.0,26.064596,55.079998,50685.816
ANGOULEME,2018-09-01,19.176527,31.1,8.65,24.3,24.3,0.0,25.922499,49.32,45132.89
ANGOULEME,2018-10-01,14.434207,26.9,4.0,79.8,79.8,0.0,30.871965,73.439995,39362.617
ANGOULEME,2018-11-01,9.4117365,19.2,-2.8,115.200005,115.200005,0.0,27.551172,55.44,34244.527
ANGOULEME,2018-12-01,8.111896,14.7,-2.35,115.7,115.7,0.0,32.90999,72.0,31526.25
ANGOULEME,2019-01-01,4.661828,11.0,-2.5,72.3,72.3,0.0,41.62478,82.079994,32935.047
ANGOULEME,2019-02-01,8.049777,21.8,-2.75,33.5,33.4,0.07,33.66337,72.0,37345.887
ANGOULEME,2019-03-01,9.828763,20.05,1.75,61.499996,61.499996,0.0,38.881668,74.520004,42898.945
ANGOULEME,2019-04-01,11.582292,24.65,1.3,73.3,73.3,0.0,26.220753,56.88,48708.215
ANGOULEME,2019-05-01,13.585819,25.7,2.5,73.6,73.6,0.0,33.847656,81.36,53694.13
ANGOULEME,2019-06-01,19.31111,36.75,9.35,81.600006,81.600006,0.0,46.38415,100.439995,56294.336
ANGOULEME,2019-07-01,22.680443,37.9,12.1,37.1,37.1,0.0,25.77962,56.519997,55068.195
ANGOULEME,2019-08-01,20.702084,32.8,10.7,22.7,22.7,0.0,23.266697,51.12,50728.074
ANGOULEME,2019-09-01,18.302847,30.75,7.5,56.100006,56.100006,0.0,30.430117,58.32,45177.94
ANGOULEME,2019-10-01,14.923253,25.95,4.6,143.9,143.9,0.0,31.82082,63.36,39409.496
ANGOULEME,2019-11-01,8.651459,17.45,1.35,208.90001,208.90001,0.0,46.228825,89.64,34277.41
ANGOULEME,2019-12-01,8.56418,15.75,-1.4,154.90001,154.90001,0.0,43.516838,98.27999,31532.23
ANGOULEME,2020-01-01,7.757056,14.9,-0.7,75.3,75.3,0.0,32.44996,66.6,32909.523
ANGOULEME,2020-02-01,9.272198,18.55,0.35,73.8,73.8,0.0,39.27961,87.479996,37391.477
ANGOULEME,2020-03-01,9.707326,21.5,0.7,100.3,99.9,0.28,46.490204,93.6,43047.355
ANGOULEME,2020-04-01,14.509722,25.15,1.8,101.4,101.4,0.0,33.973778,79.2,48844.996
ANGOULEME,2020-05-01,17.07715,28.5,7.65,83.6,83.6,0.0,31.32207,60.479996,53797.734
ANGOULEME,2020-06-01,17.349096,30.85,6.75,106.7,106.7,0.0,29.17777,63.36,56312.145
ANGOULEME,2020-07-01,21.190725,36.25,10.6,7.2,7.2,0.0,20.240196,41.399998,54991.27
ANGOULEME,2020-08-01,21.344154,37.45,11.4,48.8,48.8,0.0,25.277023,50.76,50600.832
ANGOULEME,2020-09-01,18.544653,33.4,5.45,59.899998,59.899998,0.0,32.44996,73.799995,45032.867
ANGOULEME,2020-10-01,12.750134,21.4,5.15,152.7,152.7,0.0,40.28141,79.92,39269.793
ANGOULEME,2020-11-01,10.591528,20.45,-0.1,37.1,37.1,0.0,27.943514,68.03999,34168.754
ANGOULEME,2020-12-01,7.2274866,15.1,-1.7,173.4,173.4,0.0,40.257275,94.32,31514.2
ANGOULEME,2021-01-01,4.6741934,12.65,-3.75,93.799995,93.49999,0.21000001,37.815426,74.159996,32991.63
ANGOULEME,2021-02-01,9.057069,18.45,-3.05,108.50001,108.50001,0.0,33.62099,84.6,37434.688
ANGOULEME,2021-03-01,8.920229,24.5,-1.65,28.400003,28.400003,0.0,30.432245,78.479996,43000.12
ANGOULEME,2021-04-01,11.402223,24.9,-0.85,26.600002,26.600002,0.0,28.555965,55.8,48800.67
ANGOULEME,2021-05-01,13.254167,26.8,3.2,131.1,131.1,0.0,33.91269,74.159996,53765.543
ANGOULEME,2021-06-01,19.38618,30.95,9.4,177.3,177.3,0.0,22.702845,53.28,56306.387
ANGOULEME,2021-07-01,19.336626,31.3,11.15,70.7,70.7,0.0,23.686249,51.839996,55017.918
ANGOULEME,2021-08-01,19.014853,31.3,11.0,31.7,31.7,0.0,28.58545,56.519997,50640.637
ANGOULEME,2021-09-01,18.461805,32.3,6.7,61.7,61.7,0.0,21.791153,46.44,45080.414
ANGOULEME,2021-10-01,12.921304,23.35,3.6,49.9,49.9,0.0,33.47032,61.56,39312.125
ANGOULEME,2021-11-01,6.984931,16.15,-2.9,38.2,38.2,0.0,28.73242,55.079998,34204.555
ANGOULEME,2021-12-01,6.678091,16.55,-4.0,152.7,152.7,0.0,36.504074,69.84,31519.242
ANGOULEME,2022-01-01,4.3875675,14.8,-4.15,39.800003,39.800003,0.0,38.41387,75.6,32962.07
ANGOULEME,2022-02-01,7.8158484,15.8,-0.2,39.9,39.9,0.0,36.08091,67.32,37392.684
ANGOULEME,2022-03-01,10.475673,21.65,-1.15,50.200005,50.200005,0.0,28.8,55.44,42950.87
ANGOULEME,2022-04-01,11.78243,22.75,-2.3,76.4,75.200005,0.84000003,49.618656,95.03999,48758.54
ANGOULEME,2022-05-01,18.025942,32.3,7.4,39.700005,39.700005,0.0,26.749235,52.199997,53732.39
ANGOULEME,2022-06-01,20.51,39.3,9.4,115.1,115.1,0.0,26.042212,48.96,56301.723
ANGOULEME,2022-07-01,22.919086,39.3,9.75,10.2,10.2,0.0,22.505037,45.719997,55042.62
ANGOULEME,2022-08-01,24.045565,36.9,13.8,26.599998,26.599998,0.0,21.94524,45.0,50679.793
ANGOULEME,2022-09-01,18.219515,34.35,7.3,68.3,68.3,0.0,30.147717,58.679996,45126.2
ANGOULEME,2022-10-01,17.774126,27.4,7.9,117.6,117.6,0.0,33.48774,70.2,39355.754
ANGOULEME,2022-11-01,10.757916,20.4,1.9,114.3,114.3,0.0,32.619255,60.479996,34239.023
ANGOULEME,2022-12-01,6.670564,16.85,-4.3,94.1,88.8,3.7099996,28.551426,56.88,31523.654
ANGOULEME,2023-01-01,6.033535,17.75,-4.5,124.00001,117.00001,4.8999996,38.017094,79.2,32936.234
ANGOULEME,2023-02-01,5.847842,18.1,-3.9,41.300003,41.300003,0.0,32.10667,64.799995,37348.75
ANGOULEME,2023-03-01,9.865188,23.05,-2.75,138.00002,137.90001,0.07,36.862663,81.0,42903.46
ANGOULEME,2023-04-01,11.802987,24.5,-0.25,80.0,80.0,0.0,32.76791,65.520004,48713.652
ANGOULEME,2023-05-01,16.154905,28.7,6.35,64.9,64.9,0.0,28.533264,55.079998,53699.957
ANGOULEME,2023-06-01,21.347155,30.9,13.85,90.5,90.5,0.0,21.659918,41.760002,56296.766
ANGOULEME,2023-07-01,20.59617,32.15,12.7,57.1,57.1,0.0,26.124195,48.96,55065.71
ANGOULEME,2023-08-01,21.84953,38.6,9.7,32.100002,32.100002,0.0,36.23861,68.03999,50722.652
ANGOULEME,2023-09-01,21.332293,36.5,7.6,66.4,66.4,0.0,24.74329,47.88,45170.555
ANGOULEME,2023-10-01,16.291197,30.6,6.5,196.0,196.0,0.0,35.705395,71.28,39402.62
ANGOULEME,2023-11-01,10.258542,18.25,-2.05,193.90001,193.90001,0.0,46.10952,86.399994,34270.676
ANGOULEME,2023-12-01,7.7522173,15.05,-2.75,122.1,122.1,0.0,33.851486,64.439995,31530.459
ANGOULEME,2024-01-01,6.3008738,15.75,-4.65,60.2,58.399998,1.26,35.52527,65.520004,32911.59
ANGOULEME,2024-02-01,8.827658,18.55,-0.05,122.4,122.200005,0.14,40.643345,73.439995,37395.457
ANGOULEME,2024-03-01,9.945295,22.05,0.15,161.8,161.8,0.0,32.569557,68.03999,43052.883
ANGOULEME,2024-04-01,12.089514,25.65,0.5,86.5,86.5,0.0,35.747112,63.72,48850.21
ANGOULEME,2024-05-01,14.134677,26.5,6.8,191.9,191.9,0.0,27.475807,55.079998,53803.41
ANGOULEME,2024-06-01,18.155277,30.2,8.35,99.700005,99.700005,0.0,25.922499,51.48,56313.61
ANGOULEME,2024-07-01,20.532595,36.1,9.1,27.4,27.4,0.0,28.583183,54.0,54988.703
ANGOULEME,2024-08-01,21.21438,37.4,9.8,16.3,16.3,0.0,29.888672,55.8,50595.01
ANGOULEME,2024-09-01,15.982152,24.95,6.25,134.6,134.6,0.0,32.993073,77.4,45026.117
ANGOULEME,2024-10-01,14.791129,24.6,5.65,147.40001,147.40001,0.0,38.156605,77.76,39263.125
ANGOULEME,2024-11-01,10.887777,21.5,0.8,47.100006,47.100006,0.0,42.59463,92.88,34163.25
ANGOULEME,2024-12-01,6.5230513,14.95,-0.85,54.8,54.8,0.0,32.484886,67.67999,31512.818
ANGOULEME,2025-01-01,6.250672,15.35,-4.05,150.6,149.20001,0.97999996,38.96075,82.439995,32993.87
ANGOULEME,2025-02-01,7.7556543,18.05,-1.45,72.5,72.5,0.0,33.31508,69.84,37439.707
ANGOULEME,2025-03-01,9.48703,18.9,-1.4,52.100002,51.9,0.14,30.426388,61.199997,43005.605
ANGOULEME,2025-04-01,13.2694435,24.9,4.2,111.5,111.5,0.0,35.177914,68.76,48806.168
ANGOULEME,2025-05-01,16.177015,32.7,6.8,37.399998,37.399998,0.0,22.468296,48.96,53770.45
ANGOULEME,2025-06-01,22.16868,37.6,11.2,20.7,20.7,0.0,26.85863,59.039997,56307.645
ANGOULEME,2025-07-01,21.906588,36.35,12.85,43.8,43.8,0.0,28.388687,59.399998,55014.426
ANGOULEME,2025-08-01,23.363977,39.7,11.85,79.1,79.1,0.0,28.486101,60.479996,50633.67
ANGOULEME,2025-09-01,16.499166,31.4,8.15,77.9,77.9,0.0,27.047956,56.519997,45072.348
ANGOULEME,2025-10-01,13.682324,23.05,6.05,137.20001,137.20001,0.0,36.20909,83.520004,39304.547
ANGOULEME,2025-11-01,9.722222,20.8,-2.3,106.799995,105.299995,1.05,30.29566,65.88,34198.86
ANGOULEME,2025-12-01,7.514718,16.55,-2.6,81.8,81.8,0.0,32.971455,66.96,31517.78
ANNECY,2018-01-01,4.8424864,13.0775,-1.0724999,286.4,246.6,27.86,20.268991,90.0,32879.332
ANNECY,2018-02-01,1.0051787,11.0775,-8.2725,90.2,61.4,20.23,19.917469,59.039997,37342.29
ANNECY,2018-03-01,5.080188,14.877501,-2.8224998,184.8,147.7,25.97,21.749481,63.0,42941.79
ANNECY,2018-04-01,12.1976385,24.6775,0.57750005,64.0,56.3,5.39,14.168641,56.519997,48790.355
ANNECY,2018-05-01,14.757205,25.8275,5.0275,142.8,142.8,0.0,16.65754,47.88,53806.113
ANNECY,2018-06-01,18.55028,29.4775,9.877501,65.6,65.6,0.0,19.09358,56.88,56401.16
ANNECY,2018-07-01,22.277029,31.8275,13.127501,55.0,55.0,0.0,15.546833,45.719997,55136.137
ANNECY,2018-08-01,21.372326,32.8275,10.627501,111.700005,111.700005,0.0,14.186923,48.96,50740.547
ANNECY,2018-09-01,18.160765,28.0775,7.9275002,44.3,44.3,0.0,18.775301,56.16,45145.18
ANNECY,2018-10-01,12.903979,23.1275,2.8775,97.1,86.299995,7.56,13.698934,54.719997,39331.84
ANNECY,2018-11-01,7.662778,18.8275,-0.37249994,100.9,93.9,4.9,12.682018,41.399998,34173.406
ANNECY,2018-12-01,4.8675537,13.877501,-4.4224997,175.79999,169.09999,4.69,17.026896,68.76,31431.832
ANNECY,2019-01-01,1.406129,9.4775,-3.1724997,82.5,27.699999,38.36,16.923828,59.039997,32852.902
ANNECY,2019-02-01,4.376086,16.7775,-3.7725,87.0,37.6,34.65,22.218153,84.24,37299.645
ANNECY,2019-03-01,6.8391933,17.3775,-3.0225,110.4,94.00001,11.4800005,22.104116,65.159996,42894.637
ANNECY,2019-04-01,9.2941675,23.0275,-3.0724998,100.299995,68.9,21.98,18.486622,69.479996,48747.492
ANNECY,2019-05-01,11.3315325,22.3275,0.27750003,131.1,127.600006,2.45,25.772078,74.88,53773.574
ANNECY,2019-06-01,19.45993,34.2775,9.2775,112.1,112.1,0.0,18.0,66.24,56396.754
ANNECY,2019-07-01,22.39316,36.1275,11.9275,59.9,59.9,0.0,18.806337,55.44,55159.56
ANNECY,2019-08-01,20.76117,32.427498,11.6775,98.9,98.9,0.0,14.404499,48.239998,50783.14
ANNECY,2019-09-01,17.064793,28.6775,9.4275,57.9,57.9,0.0,16.23596,47.16,45190.562
ANNECY,2019-10-01,13.524678,22.8275,5.7775,151.8,151.8,0.0,12.0694,46.079998,39379.08
ANNECY,2019-11-01,6.6884027,16.227499,0.077499986,192.5,172.2,14.21,17.283749,57.6,34206.56
ANNECY,2019-12-01,5.2608333,15.9275,-1.7724999,196.1,154.59999,29.05,14.003028,79.2,31437.865
ANNECY,2020-01-01,3.9322717,12.5275,-2.6724997,59.899998,54.699997,3.64,18.511143,63.72,32827.16
ANNECY,2020-02-01,6.0549426,16.8775,-2.2725,109.2,87.1,15.54,21.09305,81.36,37345.58
ANNECY,2020-03-01,6.9004164,17.7775,-1.7724999,107.7,101.99999,3.9900002,18.218275,71.28,43044.152
ANNECY,2020-04-01,12.584237,21.5775,0.12750006,74.5,74.5,0.0,17.163355,51.12,48885.32
ANNECY,2020-05-01,14.787716,25.8775,5.7275,132.9,132.9,0.0,19.443333,57.96,53878.066
ANNECY,2020-06-01,17.054375,27.7775,9.8275,156.6,156.6,0.0,16.343367,47.88,56414.73
ANNECY,2020-07-01,20.886372,34.7775,10.627501,75.3,75.3,0.0,15.782622,45.36,55081.957
ANNECY,2020-08-01,20.929382,32.427498,11.2775,117.90001,117.90001,0.0,17.283749,52.56,50654.89
ANNECY,2020-09-01,17.12896,27.5775,6.1775002,100.700005,100.700005,0.0,15.124284,50.039997,45044.41
ANNECY,2020-10-01,10.470914,20.8775,2.8274999,199.9,199.6,0.21000001,16.954432,69.479996,39238.316
ANNECY,2020-11-01,7.929861,20.4275,-0.4225,36.7,36.7,0.0,15.876775,47.519997,34097.004
ANNECY,2020-12-01,3.948871,13.2275,-4.0225,177.2,92.0,59.71,15.856356,64.439995,31419.676
ANNECY,2021-01-01,1.717285,11.5275,-4.5225,193.40001,109.3,59.01,13.1041975,58.679996,32909.965
ANNECY,2021-02-01,6.078616,18.2775,-5.7725,86.9,75.5,7.9799995,12.849528,57.6,37389.137
ANNECY,2021-03-01,6.416882,21.8275,-2.4225001,88.1,57.6,21.35,18.36353,68.4,42996.57
ANNECY,2021-04-01,8.525486,21.4275,-3.3224998,107.799995,98.1,6.79,20.008356,59.399998,48840.66
ANNECY,2021-05-01,11.657607,24.9275,1.2775,203.8,203.8,0.0,16.610792,63.36,53845.6
ANNECY,2021-06-01,19.04514,29.0775,10.5775,162.6,162.6,0.0,13.358861,43.199997,56408.92
ANNECY,2021-07-01,19.074812,30.7775,11.877501,300.1,300.1,0.0,15.856356,48.96,55108.84
ANNECY,2021-08-01,18.497728,32.0275,10.877501,122.700005,122.700005,0.0,15.484185,50.399998,50695.01
ANNECY,2021-09-01,17.629236,26.7775,9.2275,84.700005,84.700005,0.0,12.496718,42.48,45092.31
ANNECY,2021-10-01,11.025685,22.8775,2.6775,88.299995,88.299995,0.0,16.62249,50.399998,39280.97
ANNECY,2021-11-01,5.7446527,13.8275,-2.2725,107.2,83.4,16.66,13.039754,41.399998,34133.098
ANNECY,2021-12-01,3.2574732,14.877501,-3.0225,204.1,154.40001,34.859997,13.281023,48.6,31424.762
ANNECY,2022-01-01,2.8088844,14.6775,-3.8224998,56.0,21.9,23.87,15.281989,50.76,32880.152
ANNECY,2022-02-01,4.62564,18.1775,-2.9724998,107.4,88.3,13.440001,14.044615,49.68,37346.805
ANNECY,2022-03-01,7.5234675,18.0775,-0.4225,36.199997,35.1,0.77000004,13.358861,38.88,42946.95
ANNECY,2022-04-01,9.748542,21.1275,-2.6724997,124.600006,98.3,18.410002,18.057508,53.28,48798.2
ANNECY,2022-05-01,16.707743,30.1275,4.4275002,64.8,64.8,0.0,17.294992,48.239998,53812.16
ANNECY,2022-06-01,20.524445,33.6775,8.8775,143.3,143.3,0.0,17.555305,48.239998,56404.207
ANNECY,2022-07-01,22.848267,34.1775,13.377501,29.2,29.2,0.0,16.923828,47.519997,55133.76
ANNECY,2022-08-01,22.675215,35.0275,14.4775,74.2,74.2,0.0,16.854767,47.88,50734.484
ANNECY,2022-09-01,16.043055,28.2275,6.8775,144.8,144.8,0.0,16.394829,45.0,45138.438
ANNECY,2022-10-01,15.32824,23.7775,8.6275,98.7,98.7,0.0,18.844202,59.76,39324.926
ANNECY,2022-11-01,8.632709,17.8275,1.1275,205.1,204.6,0.35000002,13.089354,42.12,34167.855
ANNECY,2022-12-01,4.8140593,15.627501,-3.6724997,160.2,136.7,16.45,13.18308,40.68,31429.215
ANNECY,2023-01-01,3.0629168,15.6775,-8.7725,107.9,59.300003,34.02,14.84318,52.92,32854.098
ANNECY,2023-02-01,4.4489284,14.7275,-3.4224997,12.1,10.700001,0.98,24.387177,68.4,37302.527
ANNECY,2023-03-01,7.457406,21.5275,-2.2725,195.5,186.3,6.4399996,16.641972,58.679996,42899.184
ANNECY,2023-04-01,9.023194,21.4275,-0.5724999,165.8,145.40001,14.280001,16.56,51.48,48752.973
ANNECY,2023-05-01,14.148199,24.4775,4.5275,94.3,94.3,0.0,21.986542,63.0,53779.453
ANNECY,2023-06-01,19.927294,29.6775,11.627501,99.6,99.6,0.0,15.484185,45.0,56399.207
ANNECY,2023-07-01,21.600687,35.4775,11.877501,153.0,153.0,0.0,18.486622,64.079994,55157.047
ANNECY,2023-08-01,21.891949,37.3275,10.377501,84.700005,84.700005,0.0,25.006397,65.159996,50777.68
ANNECY,2023-09-01,19.460278,29.7275,8.0775,102.4,102.4,0.0,12.758432,37.079998,45183.12
ANNECY,2023-10-01,14.691075,26.1275,6.6275,242.9,242.9,0.0,16.29174,40.68,39372.15
ANNECY,2023-11-01,6.76868,15.4775,-1.0724999,257.1,241.3,11.059999,20.892412,51.839996,34199.77
ANNECY,2023-12-01,4.880054,13.0775,-3.5724998,223.1,191.7,21.980001,14.186923,36.719997,31436.08
ANNECY,2024-01-01,3.9869087,14.1775,-4.3224998,147.4,124.99999,15.75,19.134262,51.48,32829.24
ANNECY,2024-02-01,6.94194,14.4775,-0.3225,105.9,92.600006,9.31,16.808569,42.839996,37349.59
ANNECY,2024-03-01,8.251357,20.7275,-0.97249997,141.8,119.3,15.75,20.88,58.679996,43049.723
ANNECY,2024-04-01,10.058125,25.6775,-0.07249999,120.3,109.200005,7.77,22.553936,55.44,48890.582
ANNECY,2024-05-01,13.664732,23.3775,4.3275,247.0,247.0,0.0,19.134262,48.96,53883.79
ANNECY,2024-06-01,18.115139,29.7775,8.1775,130.8,130.8,0.0,18.448023,46.8,56416.207
ANNECY,2024-07-01,21.144032,33.0275,11.9775,146.79999,146.79999,0.0,13.397612,40.68,55079.367
ANNECY,2024-08-01,22.327368,32.0775,13.0775,42.8,42.8,0.0,15.328561,41.760002,50649.023
ANNECY,2024-09-01,15.173334,30.2775,4.8775,200.9,200.9,0.0,20.163212,50.76,45037.61
ANNECY,2024-10-01,13.607069,22.5275,6.0275,150.40001,150.40001,0.0,19.800817,49.32,39231.598
ANNECY,2024-11-01,7.564514,18.3275,-2.0724998,85.09999,69.700005,10.78,25.282791,70.56,34091.453
ANNECY,2024-12-01,3.45539,12.7775,-1.3224999,106.6,78.2,19.88,20.899387,59.039997,31418.283
ANNECY,2025-01-01,3.865269,17.1775,-3.8224998,218.70001,207.70001,7.7,18.06199,47.519997,32912.227
ANNECY,2025-02-01,4.7832294,16.227499,-3.0724998,39.7,38.899998,0.56,17.640919,46.44,37394.19
ANNECY,2025-03-01,7.4846234,22.4275,-1.1725,76.1,58.700005,12.18,24.592243,63.36,43002.09
ANNECY,2025-04-01,11.242431,22.5275,1.5275,146.79999,144.9,1.3299999,16.215992,43.199997,48846.195
ANNECY,2025-05-01,14.297998,29.2775,5.9275002,103.200005,103.200005,0.0,17.40424,45.36,53850.54
ANNECY,2025-06-01,21.699097,34.3275,9.1275,151.20001,151.20001,0.0,18.072752,51.12,56410.19
ANNECY,2025-07-01,20.435228,33.7275,9.2775,132.7,132.7,0.0,18.22361,48.6,55105.316
ANNECY,2025-08-01,21.907675,36.8775,10.9275,92.100006,92.100006,0.0,16.188995,43.92,50687.996
ANNECY,2025-09-01,15.610278,26.7775,6.9775,193.4,193.4,0.0,12.708815,35.28,45084.18
ANNECY,2025-10-01,11.115269,22.5275,5.2775,210.79999,210.79999,0.0,21.286474,67.32,39273.336
ANNECY,2025-11-01,6.492986,18.7275,-4.7725,198.29999,156.4,29.330002,18.416384,47.88,34127.36
ANNECY,2025-12-01,4.6870427,14.9275,-3.2224998,38.899998,35.3,2.5200002,12.647482,32.399998,31423.29
ARRAS,2018-01-01,6.007863,13.15,-0.4,85.9,84.2,1.19,54.159363,100.079994,30971.318
ARRAS,2018-02-01,1.1965773,10.45,-7.35,27.699999,22.6,3.57,35.728977,63.36,36284.684
ARRAS,2018-03-01,5.2367606,15.9,-5.5,81.5,77.2,3.0100002,35.232212,69.12,42852.805
ARRAS,2018-04-01,11.853681,25.3,3.3,48.9,48.9,0.0,30.758411,59.399998,49705.867
ARRAS,2018-05-01,14.745296,26.8,2.9,40.8,40.8,0.0,33.81126,63.0,55667.85
ARRAS,2018-06-01,17.060625,28.85,7.05,13.700001,13.700001,0.0,26.282465,48.96,58816.09
ARRAS,2018-07-01,21.282393,33.95,12.6,23.599998,23.599998,0.0,28.551426,52.92,57274.31
ARRAS,2018-08-01,18.790257,34.3,9.1,56.9,56.9,0.0,31.353085,56.519997,52009.434
ARRAS,2018-09-01,15.183333,25.65,3.6,64.0,64.0,0.0,38.183765,78.12,45429.574
ARRAS,2018-10-01,12.513038,24.95,1.45,36.0,30.6,3.78,34.94968,62.639996,38625.266
ARRAS,2018-11-01,7.3534718,18.8,-2.45,49.8,49.699997,0.07,36.102455,71.64,32523.186
ARRAS,2018-12-01,5.9410615,14.3,-4.5,79.2,78.6,0.42,41.742928,86.03999,29222.258
ARRAS,2019-01-01,3.363172,10.4,-9.3,40.8,21.1,13.789998,33.847656,60.479996,30939.52
ARRAS,2019-02-01,6.1321425,16.4,-1.1,38.899998,35.2,2.5900002,44.068764,79.92,36234.355
ARRAS,2019-03-01,8.206922,17.7,0.3,78.3,78.3,0.0,64.456085,114.12,42797.664
ARRAS,2019-04-01,9.751875,23.0,-2.5,46.399998,46.199997,0.14,41.085762,76.32,49655.395
ARRAS,2019-05-01,11.663844,20.95,2.4,44.0,44.0,0.0,32.48788,65.159996,55628.72
ARRAS,2019-06-01,17.50875,31.7,7.15,52.7,52.7,0.0,46.12638,81.72,58810.703
ARRAS,2019-07-01,19.169622,37.35,8.85,29.899998,29.899998,0.0,32.427986,59.76,57302.73
ARRAS,2019-08-01,18.891195,32.05,9.45,30.099998,30.099998,0.0,40.991024,72.0,52059.914
ARRAS,2019-09-01,15.537778,25.65,7.0,56.5,56.5,0.0,40.7373,80.28,45482.68
ARRAS,2019-10-01,12.492541,23.15,2.85,70.1,70.1,0.0,38.939953,75.96,38680.73
ARRAS,2019-11-01,6.996667,14.55,-1.1,70.399994,70.399994,0.0,44.867325,81.72,32562.799
ARRAS,2019-12-01,5.8626347,14.0,-2.9,88.5,88.5,0.0,40.46919,75.96,29229.574
ARRAS,2020-01-01,5.6657257,12.95,-3.65,36.899998,36.899998,0.0,44.155434,80.28,30908.54
ARRAS,2020-02-01,7.2670255,14.7,-1.4,138.0,130.5,5.25,59.408726,115.2,36288.273
ARRAS,2020-03-01,6.7393813,15.75,-2.05,64.3,64.200005,0.07,39.95351,72.0,42972.504
ARRAS,2020-04-01,11.960903,22.85,-1.8,25.199999,25.199999,0.0,32.47591,68.03999,49817.703
ARRAS,2020-05-01,13.867338,26.4,2.0,25.2,25.2,0.0,40.643345,74.520004,55754.42
ARRAS,2020-06-01,17.057152,30.45,6.7,38.4,38.4,0.0,40.57952,73.799995,58832.727
ARRAS,2020-07-01,17.727957,36.4,8.1,36.6,36.6,0.0,35.88822,65.520004,57208.598
ARRAS,2020-08-01,20.395632,34.5,10.55,65.9,65.9,0.0,40.78182,71.64,51907.945
ARRAS,2020-09-01,16.59736,31.9,8.45,62.600002,62.600002,0.0,39.595085,69.479996,45311.67
ARRAS,2020-10-01,11.611021,20.05,5.45,105.5,105.5,0.0,49.293716,86.76,38515.457
ARRAS,2020-11-01,9.020416,18.45,0.25,31.800001,31.800001,0.0,41.266743,87.12,32431.865
ARRAS,2020-12-01,5.7696238,13.65,-2.35,91.1,90.9,0.14,50.298325,88.2,29207.49
ARRAS,2021-01-01,3.1382391,11.45,-3.65,135.6,119.3,11.410001,52.27443,100.439995,31008.168
ARRAS,2021-02-01,4.977009,17.75,-7.15,43.4,41.8,1.12,36.04497,63.72,36339.95
ARRAS,2021-03-01,6.6176076,22.05,-3.8,43.5,43.5,0.0,51.801235,96.12,42916.863
ARRAS,2021-04-01,6.525625,19.45,-3.25,21.4,21.1,0.21000001,29.574827,54.719997,49765.105
ARRAS,2021-05-01,11.229235,24.05,0.8,91.9,91.9,0.0,45.725666,81.72,55715.355
ARRAS,2021-06-01,17.422638,28.95,8.85,132.70001,132.70001,0.0,30.096085,57.96,58825.613
ARRAS,2021-07-01,17.630915,25.9,11.0,70.2,70.2,0.0,42.664177,80.28,57241.203
ARRAS,2021-08-01,16.79039,25.55,11.0,47.1,47.1,0.0,32.664917,64.799995,51955.484
ARRAS,2021-09-01,17.066458,27.9,7.85,19.6,19.6,0.0,29.215502,61.199997,45367.71
ARRAS,2021-10-01,11.638509,20.25,3.95,97.5,97.5,0.0,44.211166,78.84,38565.527
ARRAS,2021-11-01,6.6929164,12.7,-1.0,28.5,25.099998,2.38,32.409996,55.079998,32475.014
ARRAS,2021-12-01,5.929167,14.1,-3.8,70.0,66.1,2.73,44.360413,78.12,29213.668
ARRAS,2022-01-01,4.110484,13.4,-2.8,53.8,51.3,1.75,41.688557,71.64,30972.303
ARRAS,2022-02-01,6.6686754,13.25,-2.6,56.600002,55.800003,0.56,57.176563,107.27999,36290.008
ARRAS,2022-03-01,7.9571238,17.95,-2.65,15.299999,15.299999,0.0,33.449017,61.199997,42858.84
ARRAS,2022-04-01,9.898958,20.2,-2.95,18.4,15.099999,2.31,49.426308,84.96,49715.11
ARRAS,2022-05-01,14.541466,26.65,2.75,41.2,41.2,0.0,37.83941,68.4,55675.13
ARRAS,2022-06-01,17.332848,33.85,6.15,69.6,69.6,0.0,33.332577,59.399998,58819.836
ARRAS,2022-07-01,19.659275,37.9,9.6,20.1,20.1,0.0,31.1374,57.239998,57271.434
ARRAS,2022-08-01,20.729235,32.7,10.15,13.5,13.5,0.0,29.620802,55.8,52002.25
ARRAS,2022-09-01,15.366667,27.4,4.55,77.700005,77.700005,0.0,34.98674,60.120003,45421.688
ARRAS,2022-10-01,14.226479,21.9,2.75,44.8,44.8,0.0,36.663483,70.2,38617.15
ARRAS,2022-11-01,9.059652,16.05,2.7,71.6,71.6,0.0,43.11141,78.12,32516.557
ARRAS,2022-12-01,3.8020163,16.0,-5.4,93.00001,89.8,2.2400002,43.70257,75.6,29219.074
ARRAS,2023-01-01,5.377016,14.95,-3.85,72.1,70.9,0.84000003,41.251034,72.36,30940.957
ARRAS,2023-02-01,5.5764136,11.5,-4.25,6.6000004,6.4,0.14,40.257275,68.76,36237.758
ARRAS,2023-03-01,7.6221776,16.95,-2.9,122.299995,121.7,0.42,48.46648,82.079994,42802.99
ARRAS,2023-04-01,8.423472,16.3,-1.85,78.6,78.6,0.0,43.237484,73.439995,49661.85
ARRAS,2023-05-01,12.863172,23.25,3.0,52.999996,52.999996,0.0,27.757376,49.32,55635.785
ARRAS,2023-06-01,19.152777,29.6,9.55,34.4,34.4,0.0,26.642431,48.96,58813.715
ARRAS,2023-07-01,18.406519,29.4,10.95,93.6,93.6,0.0,35.27449,64.439995,57299.69
ARRAS,2023-08-01,18.118818,27.75,10.05,72.1,72.1,0.0,40.03938,69.12,52053.45
ARRAS,2023-09-01,18.803263,31.95,9.55,63.0,63.0,0.0,36.71294,64.799995,45473.965
ARRAS,2023-10-01,13.794489,24.95,2.1,87.700005,87.700005,0.0,39.622902,70.56,38672.598
ARRAS,2023-11-01,8.209791,15.9,0.85,114.6,114.6,0.0,60.43927,104.76,32554.686
ARRAS,2023-12-01,6.9758735,12.75,-5.25,72.1,65.7,4.48,43.63283,74.520004,29227.402
ARRAS,2024-01-01,3.4488575,12.7,-6.2,56.899998,43.6,9.31,50.938408,87.84,30911.041
ARRAS,2024-02-01,8.365302,16.6,1.5,110.8,109.5,0.90999997,46.34502,83.159996,36293.0
ARRAS,2024-03-01,8.525873,17.6,-0.35,95.3,95.100006,0.14,43.17899,76.67999,42979.02
ARRAS,2024-04-01,10.469167,22.3,-0.3,73.3,73.1,0.14,44.140755,78.479996,49823.9
ARRAS,2024-05-01,14.011156,24.8,5.5,99.8,99.8,0.0,29.46947,53.28,55761.316
ARRAS,2024-06-01,15.220487,28.2,6.0,70.6,70.6,0.0,38.3176,65.520004,58834.54
ARRAS,2024-07-01,18.424599,31.15,9.95,58.8,58.8,0.0,41.235325,72.0,57205.46
ARRAS,2024-08-01,19.546034,35.0,11.8,79.5,79.5,0.0,39.724167,66.96,51901.0
ARRAS,2024-09-01,15.527638,30.4,4.75,80.6,80.6,0.0,39.240414,68.03999,45303.715
ARRAS,2024-10-01,12.553092,23.15,3.8,86.799995,86.799995,0.0,35.7675,61.920002,38507.56
ARRAS,2024-11-01,7.7472224,17.5,-0.6,73.7,72.0,1.19,42.82714,79.92,32425.229
ARRAS,2024-12-01,5.928091,13.6,-2.1,45.0,45.0,0.0,38.255825,79.92,29205.797
ARRAS,2025-01-01,3.1115592,12.5,-4.6,167.6,145.5,15.469999,40.79016,88.2,31010.889
ARRAS,2025-02-01,4.1544642,17.05,-3.6,40.500004,40.0,0.35000002,31.994463,59.76,36345.914
ARRAS,2025-03-01,7.352285,17.95,-1.85,11.4,11.099999,0.21000001,24.13477,48.96,42923.324
ARRAS,2025-04-01,11.74625,25.75,1.0,27.4,27.4,0.0,27.964956,58.679996,49771.63
ARRAS,2025-05-01,14.255646,27.7,4.35,36.2,36.2,0.0,33.218166,65.88,55721.305
ARRAS,2025-06-01,18.631874,31.0,8.3,50.3,50.3,0.0,33.34278,64.079994,58827.168
ARRAS,2025-07-01,19.246908,34.85,10.6,67.8,67.8,0.0,27.611084,57.96,57236.926
ARRAS,2025-08-01,19.120768,33.3,8.4,18.0,18.0,0.0,29.025244,56.519997,51947.168
ARRAS,2025-09-01,15.285277,30.05,5.95,41.6,41.6,0.0,40.44997,83.159996,45358.203
ARRAS,2025-10-01,12.235753,18.3,4.05,66.1,66.1,0.0,46.411385,85.32,38556.57
ARRAS,2025-11-01,8.340764,16.85,-3.8,71.1,63.7,5.1800003,30.009838,54.36,32468.152
ARRAS,2025-12-01,6.0830646,14.25,-4.6,42.100002,42.100002,0.0,33.48,61.56,29211.879
AVIGNON TGV,2018-01-01,9.520026,18.45,1.25,134.8,134.8,0.0,39.751892,78.12,33617.715
AVIGNON TGV,2018-02-01,4.780729,16.95,-5.55,34.2,31.0,2.2400002,44.067295,78.84,37757.492
AVIGNON TGV,2018-03-01,9.591734,19.3,0.0,89.6,88.8,0.56,51.54164,94.67999,42977.902
AVIGNON TGV,2018-04-01,15.120486,26.8,3.75,114.9,114.9,0.0,40.762745,73.799995,48432.723
AVIGNON TGV,2018-05-01,17.590725,28.75,6.9,158.5,158.5,0.0,46.8,85.67999,53088.32
AVIGNON TGV,2018-06-01,22.239653,32.9,14.55,51.600002,51.600002,0.0,49.367275,91.079994,55481.043
AVIGNON TGV,2018-07-01,26.97574,36.7,19.55,7.2000003,7.2000003,0.0,34.925568,65.159996,54316.363
AVIGNON TGV,2018-08-01,25.488844,37.6,15.0,72.899994,72.899994,0.0,34.404022,64.439995,50246.656
AVIGNON TGV,2018-09-01,22.257292,33.3,12.5,7.7,7.7,0.0,47.357452,87.479996,45034.32
AVIGNON TGV,2018-10-01,16.103495,26.2,3.6,167.40001,167.40001,0.0,52.279385,96.84,39610.44
AVIGNON TGV,2018-11-01,11.4059725,20.6,2.85,175.8,175.8,0.0,39.626175,71.28,34815.17
AVIGNON TGV,2018-12-01,7.625807,16.7,-0.55,32.4,32.4,0.0,46.579323,84.96,32281.615
AVIGNON TGV,2019-01-01,5.2152553,12.8,-0.9,8.900001,8.500001,0.28,54.09711,97.2,33593.285
AVIGNON TGV,2019-02-01,7.910268,20.55,-2.0,40.000004,40.000004,0.0,56.561256,104.76,37717.812
AVIGNON TGV,2019-03-01,11.701277,23.3,3.2,9.599999,9.599999,0.0,60.53247,111.24,42933.895
AVIGNON TGV,2019-04-01,13.163472,26.9,3.25,72.9,72.9,0.0,47.67248,87.12,48392.81
AVIGNON TGV,2019-05-01,16.628899,28.7,6.5,33.1,33.1,0.0,58.245506,107.64,53058.23
AVIGNON TGV,2019-06-01,23.303194,41.65,11.05,34.0,34.0,0.0,37.938602,71.28,55476.996
AVIGNON TGV,2019-07-01,27.169085,37.95,18.2,13.1,13.1,0.0,42.73702,84.96,54337.96
AVIGNON TGV,2019-08-01,25.740322,35.95,16.25,11.3,11.3,0.0,42.51812,75.6,50286.234
AVIGNON TGV,2019-09-01,21.209097,32.9,13.05,113.1,113.1,0.0,42.17535,79.92,45076.67
AVIGNON TGV,2019-10-01,17.009947,25.6,9.5,155.3,155.3,0.0,45.680298,84.6,39654.465
AVIGNON TGV,2019-11-01,9.976181,18.95,1.5,207.3,207.3,0.0,39.463947,79.2,34845.887
AVIGNON TGV,2019-12-01,9.057124,18.0,1.2,101.19999,101.19999,0.0,50.251923,91.439995,32287.176
AVIGNON TGV,2020-01-01,7.6741266,16.9,-0.2,42.8,42.8,0.0,52.231026,96.12,33569.492
AVIGNON TGV,2020-02-01,9.909051,20.65,1.7,19.4,19.4,0.0,45.721416,82.799995,37760.63
AVIGNON TGV,2020-03-01,10.928092,21.55,2.55,31.699999,31.699999,0.0,45.742672,82.799995,43073.44
AVIGNON TGV,2020-04-01,14.688611,24.45,4.45,66.200005,66.200005,0.0,36.17955,68.4,48521.14
AVIGNON TGV,2020-05-01,19.105309,29.15,8.9,57.300003,57.300003,0.0,43.225487,80.28,53154.832
AVIGNON TGV,2020-06-01,22.06111,33.9,13.95,35.500004,35.500004,0.0,46.13762,86.76,55493.516
AVIGNON TGV,2020-07-01,26.215525,36.85,17.55,3.0,3.0,0.0,43.61352,80.64,54266.402
AVIGNON TGV,2020-08-01,25.614382,40.25,16.15,26.8,26.8,0.0,43.738148,80.28,50167.07
AVIGNON TGV,2020-09-01,21.079512,32.75,9.95,60.4,60.4,0.0,38.41387,71.64,44940.285
AVIGNON TGV,2020-10-01,14.249933,22.15,5.45,69.49999,69.49999,0.0,45.732754,88.92,39523.273
AVIGNON TGV,2020-11-01,11.644305,20.2,2.55,36.8,36.8,0.0,48.824814,88.92,34744.395
AVIGNON TGV,2020-12-01,7.3030915,15.5,-1.35,84.600006,83.4,0.84,53.281216,95.399994,32270.414
AVIGNON TGV,2021-01-01,5.68246,16.95,-1.9,40.6,38.5,1.47,42.121536,75.24,33646.035
AVIGNON TGV,2021-02-01,9.542411,18.25,-0.25,46.3,46.3,0.0,41.399998,77.4,37801.074
AVIGNON TGV,2021-03-01,10.374597,23.8,2.55,12.200001,12.200001,0.0,48.981174,93.24,43029.027
AVIGNON TGV,2021-04-01,12.690903,25.3,1.65,76.5,76.5,0.0,51.54164,95.03999,48479.56
AVIGNON TGV,2021-05-01,16.257593,27.9,7.3,73.6,73.6,0.0,36.424103,71.28,53124.824
AVIGNON TGV,2021-06-01,23.992153,35.25,13.4,30.1,30.1,0.0,36.973244,70.2,55488.176
AVIGNON TGV,2021-07-01,24.813978,35.15,14.5,38.3,38.3,0.0,40.345707,74.88,54291.195
AVIGNON TGV,2021-08-01,23.536022,36.05,15.85,44.0,44.0,0.0,41.401566,76.67999,50204.35
AVIGNON TGV,2021-09-01,21.05875,30.1,13.9,118.799995,118.799995,0.0,34.80848,64.079994,44984.984
AVIGNON TGV,2021-10-01,14.734208,24.15,7.5,148.8,148.8,0.0,43.68033,79.2,39563.023
AVIGNON TGV,2021-11-01,9.053611,17.55,0.6,78.4,78.4,0.0,48.261486,83.88,34777.832
AVIGNON TGV,2021-12-01,6.556653,18.1,-1.15,74.4,74.0,0.28,45.60079,80.28,32275.102
AVIGNON TGV,2022-01-01,5.1508064,14.7,-1.85,2.9,2.8000002,0.07,49.61474,88.92,33618.477
AVIGNON TGV,2022-02-01,8.991072,20.15,0.5,29.8,29.8,0.0,46.741806,82.079994,37761.688
AVIGNON TGV,2022-03-01,10.618616,21.75,-0.05,24.800001,24.800001,0.0,40.25888,71.64,42982.72
AVIGNON TGV,2022-04-01,13.994374,26.05,2.35,45.600002,45.600002,0.0,49.072365,86.03999,48440.023
AVIGNON TGV,2022-05-01,20.445498,32.0,10.4,9.6,9.6,0.0,47.42855,84.96,53093.906
AVIGNON TGV,2022-06-01,25.410694,37.65,15.5,52.8,52.8,0.0,40.39867,73.439995,55483.848
AVIGNON TGV,2022-07-01,27.863306,38.0,16.15,2.5000002,2.5000002,0.0,47.165497,83.159996,54314.17
AVIGNON TGV,2022-08-01,26.535482,37.3,17.9,99.799995,99.799995,0.0,34.746994,64.439995,50241.023
AVIGNON TGV,2022-09-01,20.016459,31.85,11.95,172.6,172.6,0.0,41.798775,74.88,45028.027
AVIGNON TGV,2022-10-01,18.397581,26.25,9.9,43.9,43.9,0.0,34.679794,63.0,39603.996
AVIGNON TGV,2022-11-01,11.88625,21.95,3.55,115.40001,115.40001,0.0,42.316463,74.88,34810.027
AVIGNON TGV,2022-12-01,8.087097,17.3,-0.25,105.5,105.00001,0.35,39.205303,68.4,32279.203
AVIGNON TGV,2023-01-01,6.763105,16.95,-0.25,17.7,17.1,0.42,48.60133,85.67999,33594.395
AVIGNON TGV,2023-02-01,7.261756,18.1,-2.3,30.399998,24.1,4.41,55.80116,99.0,37720.5
AVIGNON TGV,2023-03-01,11.1642475,20.85,0.75,19.800001,19.800001,0.0,39.119267,69.84,42938.14
AVIGNON TGV,2023-04-01,14.177639,24.15,5.25,34.8,34.8,0.0,47.165497,84.6,48397.914
AVIGNON TGV,2023-05-01,18.107998,29.35,9.9,76.0,76.0,0.0,53.299454,95.399994,53063.66
AVIGNON TGV,2023-06-01,23.116598,33.3,14.7,95.899994,95.899994,0.0,41.587402,74.520004,55479.25
AVIGNON TGV,2023-07-01,26.064316,37.1,17.45,21.599998,21.599998,0.0,34.98674,61.199997,54335.645
AVIGNON TGV,2023-08-01,25.427486,40.0,15.75,35.9,35.9,0.0,42.47542,74.159996,50281.156
AVIGNON TGV,2023-09-01,21.93,34.15,11.35,39.8,39.8,0.0,34.627434,63.36,45069.727
AVIGNON TGV,2023-10-01,18.463642,29.5,8.05,86.9,86.9,0.0,43.632828,78.12,39648.008
AVIGNON TGV,2023-11-01,10.484723,21.45,2.75,54.2,54.2,0.0,52.244667,87.84,34839.598
AVIGNON TGV,2023-12-01,8.146505,15.35,-0.45,46.7,46.7,0.0,45.22838,78.479996,32285.533
AVIGNON TGV,2024-01-01,6.8243275,18.0,-2.85,38.7,38.7,0.0,53.987995,91.079994,33571.418
AVIGNON TGV,2024-02-01,10.203664,16.8,1.5,55.7,55.7,0.0,43.9259,76.32,37764.363
AVIGNON TGV,2024-03-01,11.8553095,22.35,3.6,223.09999,223.09999,0.0,43.548096,76.32,43078.637
AVIGNON TGV,2024-04-01,13.601528,27.05,4.9,65.1,65.1,0.0,50.196445,89.27999,48526.04
AVIGNON TGV,2024-05-01,16.685955,25.65,7.3,129.6,129.6,0.0,37.123665,67.67999,53160.125
AVIGNON TGV,2024-06-01,21.551249,34.4,13.95,35.9,35.9,0.0,42.481525,75.24,55494.875
AVIGNON TGV,2024-07-01,25.466867,38.0,16.75,26.000002,26.000002,0.0,40.633778,68.4,54264.016
AVIGNON TGV,2024-08-01,26.579973,37.5,16.25,27.5,27.5,0.0,42.894417,74.520004,50161.617
AVIGNON TGV,2024-09-01,18.976318,33.3,10.5,104.700005,104.700005,0.0,50.805935,87.12,44933.94
AVIGNON TGV,2024-10-01,17.049461,25.25,9.2,206.20001,206.20001,0.0,40.83739,71.28,39517.01
AVIGNON TGV,2024-11-01,11.150069,21.45,-0.5,36.1,36.1,0.0,44.669384,75.6,34739.254
AVIGNON TGV,2024-12-01,6.270161,15.45,-2.2,17.300001,17.2,0.07,38.701675,79.56,32269.129
AVIGNON TGV,2025-01-01,7.4265456,17.35,-0.55,80.2,80.2,0.0,43.823254,87.12,33648.13
AVIGNON TGV,2025-02-01,8.497992,15.55,-0.5,75.200005,75.200005,0.0,34.19147,67.67999,37805.78
AVIGNON TGV,2025-03-01,10.587164,19.05,0.5,136.40001,135.50002,0.63,49.195683,99.0,43034.18
AVIGNON TGV,2025-04-01,14.445624,25.05,7.1,84.1,84.1,0.0,35.12399,73.799995,48484.715
AVIGNON TGV,2025-05-01,18.322042,33.4,9.4,61.0,61.0,0.0,34.907932,73.439995,53129.39
AVIGNON TGV,2025-06-01,25.803404,37.6,16.0,18.7,18.7,0.0,34.33662,70.92,55489.34
AVIGNON TGV,2025-07-01,25.482527,38.0,16.6,26.900003,26.900003,0.0,38.41429,81.0,54287.945
AVIGNON TGV,2025-08-01,25.74738,38.9,14.95,22.900002,22.900002,0.0,32.62025,68.03999,50197.832
AVIGNON TGV,2025-09-01,18.856598,29.15,9.5,136.3,136.3,0.0,26.239285,51.48,44977.4
AVIGNON TGV,2025-10-01,15.250806,24.4,8.05,63.999996,63.999996,0.0,33.002888,65.88,39555.914
AVIGNON TGV,2025-11-01,10.308402,20.15,-0.35,110.700005,110.700005,0.0,46.193768,92.52,34772.51
AVIGNON TGV,2025-12-01,8.199328,16.25,-0.7,125.6,125.4,0.14,44.105877,84.96,32273.742
BELLEGARDE (AIN),2018-01-01,5.4454784,12.7065,-4.4435,280.9,241.2,27.79,19.523155,89.64,32796.69
BELLEGARDE (AIN),2018-02-01,0.97748226,11.7565,-8.3935,64.50001,45.100002,13.650001,21.38897,63.72,37296.02
BELLEGARDE (AIN),2018-03-01,5.2552233,14.6065,-3.9435,178.2,145.8,22.68,25.570139,74.520004,42937.81
BELLEGARDE (AIN),2018-04-01,13.340597,25.906502,2.0065,56.699997,55.999996,0.49,18.089775,82.799995,48830.285
BELLEGARDE (AIN),2018-05-01,15.634591,26.0065,5.8565,137.1,137.1,0.0,18.671474,53.639996,53886.547
BELLEGARDE (AIN),2018-06-01,19.24532,30.606499,10.9065,91.5,91.5,0.0,19.61587,57.96,56504.61
BELLEGARDE (AIN),2018-07-01,22.767925,32.6065,13.8065,66.3,66.3,0.0,16.179987,48.6,55228.145
BELLEGARDE (AIN),2018-08-01,21.734121,32.9065,9.7565,93.200005,93.200005,0.0,14.20062,74.159996,50795.746
BELLEGARDE (AIN),2018-09-01,18.47657,28.956501,7.6065,22.699999,22.699999,0.0,21.650938,63.36,45157.566
BELLEGARDE (AIN),2018-10-01,13.140304,24.156502,1.8565,63.9,51.000004,9.03,17.87718,55.079998,39300.832
BELLEGARDE (AIN),2018-11-01,7.1434445,19.5565,-0.2435,116.9,105.0,8.33,11.113451,57.239998,34101.68
BELLEGARDE (AIN),2018-12-01,4.688355,13.4565,-2.5435,159.0,154.7,3.01,15.281989,68.03999,31336.555
BELLEGARDE (AIN),2019-01-01,1.5933952,8.7565,-3.6935,87.100006,28.100002,41.44,17.713316,59.039997,32770.03
BELLEGARDE (AIN),2019-02-01,4.942512,17.106499,-3.5435,61.3,28.100002,23.240002,19.602652,87.479996,37253.035
BELLEGARDE (AIN),2019-03-01,7.3513927,18.356499,-1.9435,131.1,98.200005,23.029999,19.969458,79.2,42890.305
BELLEGARDE (AIN),2019-04-01,10.034834,22.706501,-1.9935,109.5,77.7,22.26,21.316135,66.24,48787.09
BELLEGARDE (AIN),2019-05-01,11.915708,22.356499,1.2065,96.0,94.4,1.12,29.598919,88.92,53853.734
BELLEGARDE (AIN),2019-06-01,19.977612,35.8065,9.0065,173.2,173.2,0.0,21.129885,66.6,56500.168
BELLEGARDE (AIN),2019-07-01,22.573435,35.4565,14.3065,48.7,48.7,0.0,19.862083,60.839996,55251.777
BELLEGARDE (AIN),2019-08-01,20.738354,31.406502,10.9065,95.50001,95.50001,0.0,17.283749,52.56,50838.676
BELLEGARDE (AIN),2019-09-01,17.13268,29.3065,7.6065,37.4,37.4,0.0,19.586119,56.88,45203.293
BELLEGARDE (AIN),2019-10-01,13.219067,23.406502,5.9565,153.1,153.1,0.0,13.217443,52.92,39348.426
BELLEGARDE (AIN),2019-11-01,6.2839303,15.5065,-1.9935,162.4,143.8,13.02,13.849476,56.88,34135.11
BELLEGARDE (AIN),2019-12-01,5.065371,14.5565,-1.6935,197.40001,148.70001,34.089996,15.379206,72.0,31342.64
BELLEGARDE (AIN),2020-01-01,3.8290806,12.5065,-2.1935,61.800003,59.500004,1.61,18.775303,67.32,32744.07
BELLEGARDE (AIN),2020-02-01,6.227477,17.4065,-2.4435,130.79999,100.99999,20.86,17.287498,72.36,37299.32
BELLEGARDE (AIN),2020-03-01,7.1570377,19.0565,-2.3934999,102.3,88.5,9.66,19.8,73.799995,43040.93
BELLEGARDE (AIN),2020-04-01,13.44275,23.0565,-0.44350004,53.9,53.9,0.0,17.10284,51.839996,48925.984
BELLEGARDE (AIN),2020-05-01,15.430358,26.706501,5.1565,123.3,123.3,0.0,17.429354,54.719997,53959.117
BELLEGARDE (AIN),2020-06-01,17.395735,28.156502,9.7065,133.40001,133.40001,0.0,16.171976,47.16,56518.31
BELLEGARDE (AIN),2020-07-01,21.172092,35.9565,12.5065,50.0,50.0,0.0,16.563911,48.6,55173.484
BELLEGARDE (AIN),2020-08-01,21.470345,34.0565,9.6565,92.0,92.0,0.0,15.629972,52.92,50709.406
BELLEGARDE (AIN),2020-09-01,17.76282,29.206501,6.0565,122.6,122.3,0.21000001,20.12461,56.519997,45056.047
BELLEGARDE (AIN),2020-10-01,10.361406,19.5565,3.2065,212.20001,212.20001,0.0,20.833395,72.36,39206.598
BELLEGARDE (AIN),2020-11-01,7.4268475,20.106499,-1.0934999,31.200003,31.200003,0.0,14.33234,51.48,34024.645
BELLEGARDE (AIN),2020-12-01,3.3882205,12.8565,-3.2935,186.0,83.4,71.89,15.84409,72.36,31324.291
BELLEGARDE (AIN),2021-01-01,1.9118092,11.3065,-6.9934998,213.20001,132.1,56.98,15.39184,70.92,32827.586
BELLEGARDE (AIN),2021-02-01,6.2705626,18.0565,-7.7935,86.00001,72.90001,9.24,18.626305,63.0,37343.227
BELLEGARDE (AIN),2021-03-01,6.8597927,22.606499,-1.0435,79.0,50.3,20.09,21.2522,77.76,42992.992
BELLEGARDE (AIN),2021-04-01,9.234763,22.0565,-2.4934998,69.5,65.7,2.66,19.862083,60.120003,48880.977
BELLEGARDE (AIN),2021-05-01,11.909995,24.656502,2.1565,217.70001,217.70001,0.0,16.704155,63.0,53926.375
BELLEGARDE (AIN),2021-06-01,19.572542,30.356499,11.1565,150.1,150.1,0.0,13.627795,57.96,56512.445
BELLEGARDE (AIN),2021-07-01,19.321218,30.406502,10.9065,233.1,233.1,0.0,19.107151,57.6,55200.605
BELLEGARDE (AIN),2021-08-01,18.635735,31.7565,11.2565,91.6,91.6,0.0,16.704155,49.32,50749.848
BELLEGARDE (AIN),2021-09-01,17.723999,27.206501,9.106501,71.8,71.8,0.0,12.496718,49.68,45104.3
BELLEGARDE (AIN),2021-10-01,11.052198,21.706501,3.1065001,92.899994,92.899994,0.0,19.969458,73.799995,39249.57
BELLEGARDE (AIN),2021-11-01,5.4401803,14.2065,-2.7434998,103.2,84.0,13.440001,15.496736,45.719997,34061.04
BELLEGARDE (AIN),2021-12-01,3.0603309,16.0065,-4.9435,217.5,160.7,39.76,14.05845,43.56,31329.422
BELLEGARDE (AIN),2022-01-01,2.7562313,13.6565,-3.0435,62.600002,22.199999,28.28,18.58451,56.88,32797.52
BELLEGARDE (AIN),2022-02-01,4.909923,17.4065,-2.0935001,99.3,84.1,10.71,16.766108,50.039997,37300.566
BELLEGARDE (AIN),2022-03-01,8.267723,19.3065,-1.4435,34.8,31.3,2.45,16.323528,45.719997,42943.004
BELLEGARDE (AIN),2022-04-01,10.246985,21.856499,-1.4435,110.4,96.0,10.150001,18.161278,57.96,48838.188
BELLEGARDE (AIN),2022-05-01,17.430693,30.106499,7.1065,50.9,50.9,0.0,20.87379,56.88,53892.65
BELLEGARDE (AIN),2022-06-01,20.738514,33.9565,10.5065,129.6,129.6,0.0,16.055355,48.6,56507.688
BELLEGARDE (AIN),2022-07-01,23.364498,36.2565,12.9065,43.7,43.7,0.0,16.42247,47.88,55225.75
BELLEGARDE (AIN),2022-08-01,22.602736,35.9565,14.4065,65.4,65.4,0.0,18.0,50.76,50789.633
BELLEGARDE (AIN),2022-09-01,15.873653,27.5065,6.0565,158.3,158.3,0.0,16.179985,48.239998,45150.773
BELLEGARDE (AIN),2022-10-01,15.333045,23.8065,7.7065,96.700005,96.700005,0.0,11.525623,52.199997,39293.867
BELLEGARDE (AIN),2022-11-01,8.430667,18.3065,-0.64349985,192.8,192.5,0.21,13.004922,45.0,34096.086
BELLEGARDE (AIN),2022-12-01,4.7521987,15.8065,-4.2935,161.1,137.5,16.59,12.4811535,36.36,31333.916
BELLEGARDE (AIN),2023-01-01,2.9624813,14.9065,-10.3435,117.9,83.399994,24.220001,23.469128,68.4,32771.242
BELLEGARDE (AIN),2023-02-01,4.5817976,15.5065,-3.4934998,13.2,12.6,0.42,30.312769,83.88,37255.945
BELLEGARDE (AIN),2023-03-01,7.885264,19.606499,-2.0935001,158.20001,152.6,3.9199998,17.581125,61.920002,42894.887
BELLEGARDE (AIN),2023-04-01,9.453792,22.456501,0.10650003,135.0,130.3,3.29,16.87398,49.68,48792.613
BELLEGARDE (AIN),2023-05-01,14.666782,24.906502,6.4065,116.9,116.9,0.0,25.264202,68.03999,53859.656
BELLEGARDE (AIN),2023-06-01,20.452265,30.3065,11.8565,119.8,119.8,0.0,16.179987,45.719997,56502.645
BELLEGARDE (AIN),2023-07-01,21.663557,36.0565,10.5565,97.0,97.0,0.0,20.46941,61.920002,55249.246
BELLEGARDE (AIN),2023-08-01,22.37767,38.5065,8.7065,63.9,63.9,0.0,26.230639,69.479996,50833.17
BELLEGARDE (AIN),2023-09-01,19.760805,31.206501,7.7065,114.600006,114.600006,0.0,17.148247,56.519997,45195.793
BELLEGARDE (AIN),2023-10-01,14.707105,27.3065,6.0565,247.9,247.9,0.0,18.681883,56.16,39341.45
BELLEGARDE (AIN),2023-11-01,6.7937226,15.3565,-2.8435001,220.0,207.5,8.75,19.881649,56.16,34128.26
BELLEGARDE (AIN),2023-12-01,4.6872125,13.1065,-4.5435,231.6,209.20001,15.68,16.08761,48.6,31340.838
BELLEGARDE (AIN),2024-01-01,3.7138925,13.9065,-6.4934998,125.7,109.9,11.06,19.242327,50.039997,32746.17
BELLEGARDE (AIN),2024-02-01,7.028052,15.6565,-0.44350004,113.8,108.9,3.4299998,20.883104,60.479996,37303.363
BELLEGARDE (AIN),2024-03-01,8.586473,20.5565,0.30650008,92.399994,73.299995,13.37,19.171478,55.079998,43046.54
BELLEGARDE (AIN),2024-04-01,10.355667,26.856499,-0.8434999,106.4,100.9,3.85,22.493519,59.039997,48931.285
BELLEGARDE (AIN),2024-05-01,14.043865,24.656502,5.1065,228.2,228.2,0.0,17.654688,48.239998,53964.89
BELLEGARDE (AIN),2024-06-01,18.298862,30.3065,7.8065,154.7,154.7,0.0,18.079027,46.8,56519.797
BELLEGARDE (AIN),2024-07-01,21.154148,33.8565,11.4565,130.3,130.3,0.0,17.873556,54.36,55170.875
BELLEGARDE (AIN),2024-08-01,22.207644,32.7065,13.2565,57.7,57.7,0.0,16.363178,44.28,50703.496
BELLEGARDE (AIN),2024-09-01,15.156292,30.0065,5.8565,184.3,184.3,0.0,25.212852,64.439995,45049.195
BELLEGARDE (AIN),2024-10-01,13.402199,21.406502,6.0565,150.8,150.8,0.0,22.370024,82.079994,39199.824
BELLEGARDE (AIN),2024-11-01,7.5133753,18.106499,-1.2435,80.5,71.7,6.16,22.996365,76.67999,34019.047
BELLEGARDE (AIN),2024-12-01,3.021285,13.2065,-2.5435,130.90001,83.4,33.25,21.57974,59.039997,31322.885
BELLEGARDE (AIN),2025-01-01,3.5144973,15.8565,-4.3935,195.5,185.1,7.28,21.426805,63.0,32829.867
BELLEGARDE (AIN),2025-02-01,4.695488,15.4565,-2.8435001,58.7,57.399998,0.90999997,19.553833,54.719997,37348.32
BELLEGARDE (AIN),2025-03-01,7.6605997,18.356499,-0.54349995,72.5,62.0,7.3500004,19.64558,53.639996,42998.555
BELLEGARDE (AIN),2025-04-01,11.61775,22.856499,1.9565,124.200005,124.0,0.14,19.602652,51.839996,48886.56
BELLEGARDE (AIN),2025-05-01,14.302198,29.106499,5.2065,126.8,126.8,0.0,18.689688,47.16,53931.36
BELLEGARDE (AIN),2025-06-01,21.512888,33.9565,10.0565,123.600006,123.600006,0.0,16.923828,46.079998,56513.727
BELLEGARDE (AIN),2025-07-01,20.180021,34.356503,8.9065,123.200005,123.200005,0.0,18.275984,46.8,55197.047
BELLEGARDE (AIN),2025-08-01,21.440908,35.7065,10.7065,84.10001,84.10001,0.0,17.430283,45.36,50742.773
BELLEGARDE (AIN),2025-09-01,15.443861,27.156502,6.4565,148.2,148.2,0.0,15.435983,43.92,45096.113
BELLEGARDE (AIN),2025-10-01,10.884995,19.7565,4.7065,155.50002,154.90001,0.42,21.67487,72.72,39241.883
BELLEGARDE (AIN),2025-11-01,6.118514,17.7565,-6.4934998,182.0,162.6,13.58,16.920958,45.0,34055.25
BELLEGARDE (AIN),2025-12-01,4.2070374,15.1065,-3.2935,47.300003,45.4,1.3299999,24.216522,60.479996,31327.934
BESANCON FRANCHE COMTE TGV,2018-01-01,6.243481,14.35,-0.9,237.2,234.9,1.61,42.84151,103.32,32285.078
BESANCON FRANCHE COMTE TGV,2018-02-01,0.7658482,9.55,-9.05,72.6,64.0,6.0200005,29.268686,63.72,37010.445
BESANCON FRANCHE COMTE TGV,2018-03-01,5.59879,14.85,-4.35,153.6,139.0,10.29,27.362368,63.36,42913.426
BESANCON FRANCHE COMTE TGV,2018-04-01,12.877501,25.35,1.4,69.1,69.1,0.0,35.572662,75.96,49076.973
BESANCON FRANCHE COMTE TGV,2018-05-01,15.8133745,26.4,4.6,105.5,105.5,0.0,22.218153,48.96,54384.94
BESANCON FRANCHE COMTE TGV,2018-06-01,19.078749,29.8,9.35,41.100002,41.100002,0.0,30.141266,64.079994,57147.258
BESANCON FRANCHE COMTE TGV,2018-07-01,22.546774,33.4,11.8,22.0,22.0,0.0,18.671474,46.079998,55798.934
BESANCON FRANCHE COMTE TGV,2018-08-01,21.90531,34.05,7.45,59.0,59.0,0.0,22.89611,67.32,51137.03
BESANCON FRANCHE COMTE TGV,2018-09-01,17.915974,30.45,6.6,29.1,29.1,0.0,30.652895,67.67999,45234.145
BESANCON FRANCHE COMTE TGV,2018-10-01,12.892271,25.05,1.8,38.4,37.899998,0.35000002,32.59939,68.4,39109.656
BESANCON FRANCHE COMTE TGV,2018-11-01,7.6004167,20.35,-0.8,66.7,66.299995,0.28,27.558228,60.120003,33658.125
BESANCON FRANCHE COMTE TGV,2018-12-01,4.7588706,12.35,-4.65,149.4,147.2,1.5400001,35.364388,83.159996,30745.91
BESANCON FRANCHE COMTE TGV,2019-01-01,1.5390458,8.15,-5.5,80.0,56.5,16.59,35.31121,73.799995,32257.01
BESANCON FRANCHE COMTE TGV,2019-02-01,5.085119,19.2,-4.15,31.299997,30.5,0.56000006,35.747112,80.28,36965.406
BESANCON FRANCHE COMTE TGV,2019-03-01,7.8788977,18.9,-1.85,103.3,102.5,0.56,36.150883,94.67999,42863.76
BESANCON FRANCHE COMTE TGV,2019-04-01,9.995833,22.95,-2.0,95.5,95.0,0.35,31.072817,79.56,49031.734
BESANCON FRANCHE COMTE TGV,2019-05-01,11.917338,23.55,0.4,80.0,79.5,0.35,33.549606,77.03999,54350.39
BESANCON FRANCHE COMTE TGV,2019-06-01,20.208126,35.1,10.0,77.100006,77.100006,0.0,34.04047,73.079994,57142.562
BESANCON FRANCHE COMTE TGV,2019-07-01,22.507257,37.8,13.0,42.899998,42.899998,0.0,22.183128,52.199997,55823.87
BESANCON FRANCHE COMTE TGV,2019-08-01,20.489046,32.15,10.5,100.299995,100.299995,0.0,24.993437,53.639996,51182.07
BESANCON FRANCHE COMTE TGV,2019-09-01,16.584652,27.55,6.65,51.8,51.8,0.0,30.652895,71.64,45281.957
BESANCON FRANCHE COMTE TGV,2019-10-01,13.374261,24.5,4.5,134.5,134.5,0.0,25.603062,75.96,39159.47
BESANCON FRANCHE COMTE TGV,2019-11-01,6.7535415,15.45,-1.05,135.1,131.5,2.52,33.948975,71.28,33693.266
BESANCON FRANCHE COMTE TGV,2019-12-01,5.2632394,15.95,-3.6,134.3,133.4,0.63,37.63679,77.76,30752.328
BESANCON FRANCHE COMTE TGV,2020-01-01,4.212836,12.8,-4.7,43.1,42.399998,0.49,34.292717,83.88,32229.67
BESANCON FRANCHE COMTE TGV,2020-02-01,7.040661,15.8,-2.5,114.0,110.8,2.2399998,45.82052,106.2,37013.84
BESANCON FRANCHE COMTE TGV,2020-03-01,7.2241936,18.8,-1.35,80.1,80.1,0.0,35.538033,87.12,43021.24
BESANCON FRANCHE COMTE TGV,2020-04-01,13.915556,23.35,-0.85,20.599998,20.599998,0.0,26.518099,62.279995,49177.2
BESANCON FRANCHE COMTE TGV,2020-05-01,14.969758,26.0,5.0,124.49999,124.49999,0.0,30.551254,65.520004,54461.35
BESANCON FRANCHE COMTE TGV,2020-06-01,17.450693,29.25,8.6,102.299995,102.299995,0.0,27.238943,56.88,57161.75
BESANCON FRANCHE COMTE TGV,2020-07-01,21.228697,36.6,10.75,23.7,23.7,0.0,23.675303,52.92,55741.266
BESANCON FRANCHE COMTE TGV,2020-08-01,21.89422,35.0,11.1,75.700005,75.700005,0.0,22.7057,50.399998,51046.47
BESANCON FRANCHE COMTE TGV,2020-09-01,17.92278,31.55,6.65,72.8,72.8,0.0,27.105392,64.439995,45127.996
BESANCON FRANCHE COMTE TGV,2020-10-01,10.937097,21.0,2.4,156.8,156.8,0.0,39.185463,88.2,39011.03
BESANCON FRANCHE COMTE TGV,2020-11-01,7.7625,18.2,-2.75,25.5,25.5,0.0,32.056175,69.479996,33577.137
BESANCON FRANCHE COMTE TGV,2020-12-01,4.994624,13.95,-3.25,113.2,105.5,5.3900003,42.353195,107.27999,30732.96
BESANCON FRANCHE COMTE TGV,2021-01-01,2.5106857,12.75,-4.85,164.0,128.70001,24.710001,36.719997,88.2,32317.613
BESANCON FRANCHE COMTE TGV,2021-02-01,6.1362348,18.85,-7.85,85.4,80.8,3.2200003,32.058197,70.2,37059.914
BESANCON FRANCHE COMTE TGV,2021-03-01,6.348723,23.0,-3.25,63.6,63.0,0.42000002,42.279694,91.439995,42971.12
BESANCON FRANCHE COMTE TGV,2021-04-01,8.650208,21.75,-4.2,43.899998,42.899998,0.7,29.354904,60.479996,49130.062
BESANCON FRANCHE COMTE TGV,2021-05-01,11.600873,25.95,2.35,168.2,168.2,0.0,33.004364,70.2,54426.875
BESANCON FRANCHE COMTE TGV,2021-06-01,19.622152,31.25,11.15,128.8,128.8,0.0,23.675303,50.76,57155.55
BESANCON FRANCHE COMTE TGV,2021-07-01,18.709208,29.45,10.7,185.3,185.3,0.0,24.693481,60.479996,55769.883
BESANCON FRANCHE COMTE TGV,2021-08-01,18.136292,31.0,11.05,60.5,60.5,0.0,24.063513,54.36,51088.89
BESANCON FRANCHE COMTE TGV,2021-09-01,17.660902,28.4,6.65,50.7,50.7,0.0,22.682856,52.199997,45178.45
BESANCON FRANCHE COMTE TGV,2021-10-01,11.194758,22.6,1.95,71.9,71.9,0.0,38.881664,84.6,39056.008
BESANCON FRANCHE COMTE TGV,2021-11-01,4.6815276,14.8,-2.05,75.50001,66.50001,6.37,27.943512,56.88,33615.402
BESANCON FRANCHE COMTE TGV,2021-12-01,3.9673388,13.6,-4.45,159.8,141.1,13.09,33.09651,67.67999,30738.379
BESANCON FRANCHE COMTE TGV,2022-01-01,1.5790323,13.9,-5.4,67.0,53.0,9.8,37.419224,75.96,32285.951
BESANCON FRANCHE COMTE TGV,2022-02-01,5.2171874,14.55,-3.3,68.2,65.5,1.8900001,35.496075,71.64,37015.21
BESANCON FRANCHE COMTE TGV,2022-03-01,8.250605,19.8,-3.25,51.6,51.6,0.0,29.784426,60.839996,42918.86
BESANCON FRANCHE COMTE TGV,2022-04-01,9.967431,20.55,-3.05,79.899994,71.3,6.020001,35.25979,75.6,49085.25
BESANCON FRANCHE COMTE TGV,2022-05-01,16.758669,29.7,6.55,59.3,59.3,0.0,26.729847,56.519997,54391.363
BESANCON FRANCHE COMTE TGV,2022-06-01,19.941528,35.7,8.15,133.40001,133.40001,0.0,25.984919,52.199997,57150.52
BESANCON FRANCHE COMTE TGV,2022-07-01,21.984945,35.75,10.25,13.3,13.3,0.0,20.617662,44.639996,55796.41
BESANCON FRANCHE COMTE TGV,2022-08-01,21.955309,35.05,11.85,50.6,50.6,0.0,27.238941,57.96,51130.62
BESANCON FRANCHE COMTE TGV,2022-09-01,15.3777075,28.45,5.55,202.9,202.9,0.0,27.248455,54.36,45227.047
BESANCON FRANCHE COMTE TGV,2022-10-01,15.318817,24.1,6.05,73.3,73.3,0.0,29.76484,61.920002,39102.367
BESANCON FRANCHE COMTE TGV,2022-11-01,8.67368,18.3,0.9,121.5,121.5,0.0,31.450073,63.36,33652.242
BESANCON FRANCHE COMTE TGV,2022-12-01,4.4436154,17.1,-6.75,109.7,104.9,3.3600001,31.435646,65.520004,30743.121
BESANCON FRANCHE COMTE TGV,2023-01-01,4.45,16.95,-4.5,103.3,79.299995,16.8,38.988182,83.88,32258.283
BESANCON FRANCHE COMTE TGV,2023-02-01,3.9669642,13.35,-5.6,20.2,19.2,0.77,33.37338,68.03999,36968.457
BESANCON FRANCHE COMTE TGV,2023-03-01,7.592809,20.35,-4.4,113.6,108.2,3.78,37.66433,79.56,42868.555
BESANCON FRANCHE COMTE TGV,2023-04-01,9.226874,21.05,-1.15,100.100006,100.00001,0.07,26.712873,61.56,49037.516
BESANCON FRANCHE COMTE TGV,2023-05-01,14.852352,25.3,5.55,67.0,67.0,0.0,25.812277,52.92,54356.63
BESANCON FRANCHE COMTE TGV,2023-06-01,20.934723,30.4,11.4,73.3,73.3,0.0,23.950148,63.0,57145.184
BESANCON FRANCHE COMTE TGV,2023-07-01,20.412432,33.5,12.1,148.3,148.3,0.0,27.757378,60.479996,55821.203
BESANCON FRANCHE COMTE TGV,2023-08-01,20.317944,34.75,9.45,87.299995,87.299995,0.0,36.941685,76.67999,51176.297
BESANCON FRANCHE COMTE TGV,2023-09-01,19.243126,30.2,7.35,58.800003,58.800003,0.0,26.434887,58.32,45274.117
BESANCON FRANCHE COMTE TGV,2023-10-01,14.152621,26.2,4.9,187.4,187.4,0.0,34.30594,69.12,39152.16
BESANCON FRANCHE COMTE TGV,2023-11-01,7.2689586,15.75,-1.7,182.40001,181.0,0.98,38.49476,77.4,33686.07
BESANCON FRANCHE COMTE TGV,2023-12-01,5.1745296,12.55,-5.7,153.90001,151.70001,1.54,36.233242,74.520004,30750.428
BESANCON FRANCHE COMTE TGV,2024-01-01,3.4124327,13.15,-6.05,89.4,81.700005,5.3900003,37.08175,74.159996,32231.879
BESANCON FRANCHE COMTE TGV,2024-02-01,7.272198,16.15,-1.25,89.2,88.2,0.70000005,39.149067,82.439995,37018.08
BESANCON FRANCHE COMTE TGV,2024-03-01,8.902688,19.3,-0.15,101.200005,98.4,1.96,34.387066,74.159996,43027.105
BESANCON FRANCHE COMTE TGV,2024-04-01,10.326875,24.55,-0.6,122.6,120.1,1.75,31.293089,65.159996,49182.75
BESANCON FRANCHE COMTE TGV,2024-05-01,14.051949,24.05,4.6,191.0,191.0,0.0,23.110205,45.719997,54467.43
BESANCON FRANCHE COMTE TGV,2024-06-01,17.79778,31.45,5.95,152.1,152.1,0.0,27.666182,56.519997,57163.324
BESANCON FRANCHE COMTE TGV,2024-07-01,20.167742,33.25,10.55,109.899994,109.899994,0.0,23.358425,53.28,55738.51
BESANCON FRANCHE COMTE TGV,2024-08-01,21.380915,32.1,10.55,73.9,73.9,0.0,27.748037,61.199997,51040.27
BESANCON FRANCHE COMTE TGV,2024-09-01,15.308473,29.2,5.0,124.40001,124.40001,0.0,38.511585,78.12,45120.832
BESANCON FRANCHE COMTE TGV,2024-10-01,13.270834,22.8,5.5,175.6,175.6,0.0,44.032722,87.84,39003.945
BESANCON FRANCHE COMTE TGV,2024-11-01,6.7876387,18.2,-7.05,83.600006,63.000004,14.490001,40.17832,79.2,33571.254
BESANCON FRANCHE COMTE TGV,2024-12-01,2.528226,11.1,-5.1,99.2,92.0,5.0400004,39.711525,82.079994,30731.479
BESANCON FRANCHE COMTE TGV,2025-01-01,3.5508738,16.05,-5.75,130.7,126.2,3.1499999,42.666454,87.84,32320.016
BESANCON FRANCHE COMTE TGV,2025-02-01,4.336756,15.7,-3.1,62.7,62.6,0.07,33.192314,65.88,37065.254
BESANCON FRANCHE COMTE TGV,2025-03-01,7.5215726,20.2,-2.45,52.8,51.3,1.05,25.518135,53.28,42976.934
BESANCON FRANCHE COMTE TGV,2025-04-01,11.40618,23.85,2.3,84.9,84.9,0.0,31.151962,69.479996,49135.91
BESANCON FRANCHE COMTE TGV,2025-05-01,14.21129,28.9,3.65,74.1,74.1,0.0,25.051704,51.48,54432.12
BESANCON FRANCHE COMTE TGV,2025-06-01,20.841042,32.3,7.95,85.299995,85.299995,0.0,26.560217,62.639996,57156.902
BESANCON FRANCHE COMTE TGV,2025-07-01,19.633402,34.45,8.6,78.8,78.8,0.0,28.447401,60.120003,55766.133
BESANCON FRANCHE COMTE TGV,2025-08-01,20.496908,36.05,11.0,130.9,130.9,0.0,29.12776,60.120003,51081.473
BESANCON FRANCHE COMTE TGV,2025-09-01,15.093125,27.25,6.2,146.1,146.1,0.0,28.329277,64.439995,45169.89
BESANCON FRANCHE COMTE TGV,2025-10-01,11.035215,17.8,4.25,150.90001,150.90001,0.0,40.392654,94.32,39047.96
BESANCON FRANCHE COMTE TGV,2025-11-01,6.4966664,19.35,-6.0,116.299995,105.1,7.84,28.1313,57.239998,33609.316
BESANCON FRANCHE COMTE TGV,2025-12-01,4.7168007,14.3,-4.4,39.4,38.800003,0.42000002,26.749235,56.88,30736.809
BORDEAUX ST JEAN,2018-01-01,9.128562,16.0,0.55,131.1,131.1,0.0,44.26829,107.27999,33282.035
BORDEAUX ST JEAN,2018-02-01,4.3838544,15.25,-5.35,56.6,54.8,1.26,39.751892,74.88,37568.35
BORDEAUX ST JEAN,2018-03-01,8.924127,19.15,-0.4,124.7,123.5,0.84,36.359997,79.2,42961.363
BORDEAUX ST JEAN,2018-04-01,13.525624,26.1,3.5,91.5,91.5,0.0,31.910301,79.2,48595.496
BORDEAUX ST JEAN,2018-05-01,15.737701,26.65,2.9,84.1,84.1,0.0,22.782625,45.0,53414.43
BORDEAUX ST JEAN,2018-06-01,19.940695,33.15,11.95,102.700005,102.700005,0.0,20.519999,41.399998,55898.414
BORDEAUX ST JEAN,2018-07-01,22.466196,32.95,15.2,68.200005,68.200005,0.0,21.42227,42.839996,54688.527
BORDEAUX ST JEAN,2018-08-01,22.576143,35.65,13.55,32.3,32.3,0.0,28.943642,61.199997,50471.336
BORDEAUX ST JEAN,2018-09-01,20.141043,32.9,9.55,25.1,25.1,0.0,24.57511,48.96,45084.75
BORDEAUX ST JEAN,2018-10-01,14.814046,28.95,4.2,82.600006,82.600006,0.0,29.548521,56.88,39483.445
BORDEAUX ST JEAN,2018-11-01,10.166249,20.65,-1.6,100.0,100.0,0.0,24.850431,59.039997,34523.215
BORDEAUX ST JEAN,2018-12-01,9.207728,16.65,-1.5,95.3,95.3,0.0,28.745949,56.88,31895.623
BORDEAUX ST JEAN,2019-01-01,5.4318547,12.35,-2.25,68.700005,68.700005,0.0,39.640884,89.27999,33256.703
BORDEAUX ST JEAN,2019-02-01,8.814956,23.45,-2.5,38.000004,38.000004,0.0,35.80688,75.6,37527.324
BORDEAUX ST JEAN,2019-03-01,10.8041,21.05,2.15,46.5,46.5,0.0,38.580513,74.159996,42915.92
BORDEAUX ST JEAN,2019-04-01,12.341806,24.05,2.6,79.5,79.5,0.0,29.738703,65.159996,48554.242
BORDEAUX ST JEAN,2019-05-01,14.506586,27.45,3.75,45.600002,45.600002,0.0,35.281837,71.64,53383.24
BORDEAUX ST JEAN,2019-06-01,20.06736,38.8,9.45,85.49999,85.49999,0.0,46.555668,93.96,55894.207
BORDEAUX ST JEAN,2019-07-01,24.035686,39.9,13.85,57.3,57.3,0.0,25.045238,54.36,54710.953
BORDEAUX ST JEAN,2019-08-01,21.884073,34.9,11.95,50.3,50.3,0.0,20.833395,52.199997,50512.28
BORDEAUX ST JEAN,2019-09-01,19.391249,31.7,9.65,48.8,48.8,0.0,26.302181,52.199997,45128.484
BORDEAUX ST JEAN,2019-10-01,15.928561,29.55,7.45,106.9,106.9,0.0,33.145424,64.079994,39528.93
BORDEAUX ST JEAN,2019-11-01,9.691319,19.15,0.85,188.3,188.3,0.0,52.921223,114.12,34555.035
BORDEAUX ST JEAN,2019-12-01,9.32332,15.85,-0.15,119.3,119.3,0.0,51.201065,112.32,31901.396
BORDEAUX ST JEAN,2020-01-01,8.3588705,16.3,-0.2,73.799995,73.799995,0.0,27.402597,64.799995,33232.027
BORDEAUX ST JEAN,2020-02-01,9.971335,21.1,0.75,54.5,54.5,0.0,36.764088,70.92,37571.56
BORDEAUX ST JEAN,2020-03-01,10.125403,20.8,0.75,93.8,91.9,1.33,41.251034,84.24,43060.008
BORDEAUX ST JEAN,2020-04-01,14.77,24.65,3.4,108.3,108.3,0.0,31.875755,73.079994,48686.89
BORDEAUX ST JEAN,2020-05-01,17.81082,29.0,8.25,135.7,135.7,0.0,35.747112,68.03999,53483.402
BORDEAUX ST JEAN,2020-06-01,17.869236,32.05,9.65,93.1,93.1,0.0,29.522196,63.0,55911.38
BORDEAUX ST JEAN,2020-07-01,21.534409,37.35,11.4,10.3,10.3,0.0,20.966715,46.8,54636.664
BORDEAUX ST JEAN,2020-08-01,22.200472,37.7,12.6,59.2,59.2,0.0,28.079998,54.719997,50388.992
BORDEAUX ST JEAN,2020-09-01,19.580347,35.55,5.9,65.700005,65.700005,0.0,34.569374,69.12,44987.645
BORDEAUX ST JEAN,2020-10-01,13.543884,23.8,4.55,150.6,150.6,0.0,37.579926,70.92,39393.387
BORDEAUX ST JEAN,2020-11-01,11.15257,22.5,0.5,15.699999,15.699999,0.0,27.438046,52.92,34449.895
BORDEAUX ST JEAN,2020-12-01,8.197782,16.9,-1.25,180.7,180.7,0.0,40.091137,77.76,31883.99
BORDEAUX ST JEAN,2021-01-01,5.726546,15.4,-3.7,96.5,96.4,0.07,37.648838,79.2,33311.402
BORDEAUX ST JEAN,2021-02-01,10.096503,19.8,0.1,99.6,99.6,0.0,37.936893,78.84,37613.418
BORDEAUX ST JEAN,2021-03-01,9.976613,26.0,-0.7,14.0,14.0,0.0,36.102455,74.88,43014.152
BORDEAUX ST JEAN,2021-04-01,12.673333,26.95,1.25,19.900002,19.900002,0.0,23.358425,47.519997,48643.91
BORDEAUX ST JEAN,2021-05-01,14.230174,30.15,4.45,107.100006,107.100006,0.0,33.3559,72.0,53452.285
BORDEAUX ST JEAN,2021-06-01,19.981943,33.6,10.4,162.4,162.4,0.0,25.582806,48.6,55905.83
BORDEAUX ST JEAN,2021-07-01,20.14375,32.75,12.9,87.9,87.9,0.0,27.212759,51.48,54662.4
BORDEAUX ST JEAN,2021-08-01,20.039719,32.5,12.95,22.300001,22.300001,0.0,32.048088,60.839996,50427.566
BORDEAUX ST JEAN,2021-09-01,19.67528,34.8,8.05,78.6,78.6,0.0,27.059933,50.76,45033.805
BORDEAUX ST JEAN,2021-10-01,14.028092,25.25,4.85,38.600002,38.600002,0.0,29.301878,56.88,39434.457
BORDEAUX ST JEAN,2021-11-01,8.181598,17.2,-1.2,53.1,53.1,0.0,29.168886,55.44,34484.535
BORDEAUX ST JEAN,2021-12-01,7.7633734,15.9,-1.1,133.5,132.1,0.97999996,39.18712,73.439995,31888.857
BORDEAUX ST JEAN,2022-01-01,4.908266,18.5,-4.05,42.800003,42.800003,0.0,39.29116,77.76,33282.824
BORDEAUX ST JEAN,2022-02-01,8.787649,17.65,0.2,44.4,44.4,0.0,32.20944,60.839996,37572.69
BORDEAUX ST JEAN,2022-03-01,10.803965,20.65,-0.75,49.0,49.0,0.0,26.758923,50.76,42966.336
BORDEAUX ST JEAN,2022-04-01,12.237569,23.75,-0.7,85.5,85.4,0.07,46.929974,93.6,48603.043
BORDEAUX ST JEAN,2022-05-01,18.417606,32.05,9.25,22.9,22.9,0.0,25.922499,50.039997,53420.23
BORDEAUX ST JEAN,2022-06-01,20.890001,40.45,11.1,215.8,215.8,0.0,22.104116,45.719997,55901.324
BORDEAUX ST JEAN,2022-07-01,23.3457,38.35,10.2,8.4,8.4,0.0,22.3229,45.36,54686.258
BORDEAUX ST JEAN,2022-08-01,24.308668,37.65,15.35,39.600002,39.600002,0.0,20.771093,46.079998,50465.508
BORDEAUX ST JEAN,2022-09-01,19.189722,35.35,8.5,38.3,38.3,0.0,29.275326,55.8,45078.254
BORDEAUX ST JEAN,2022-10-01,18.377083,29.4,10.4,86.700005,86.700005,0.0,31.853388,60.479996,39476.79
BORDEAUX ST JEAN,2022-11-01,11.6559725,20.9,2.6,110.6,110.6,0.0,35.29102,70.92,34517.89
BORDEAUX ST JEAN,2022-12-01,7.7924733,19.65,-4.75,85.200005,84.8,0.28,26.576681,48.239998,31893.12
BORDEAUX ST JEAN,2023-01-01,6.8181453,19.95,-3.25,123.2,121.3,1.33,40.541176,87.84,33257.85
BORDEAUX ST JEAN,2023-02-01,5.8659973,17.95,-3.95,43.100002,42.700005,0.28,28.357857,54.0,37530.1
BORDEAUX ST JEAN,2023-03-01,10.755847,26.35,-3.0,100.9,100.9,0.0,42.120003,85.32,42920.305
BORDEAUX ST JEAN,2023-04-01,12.81007,26.9,1.35,75.5,75.5,0.0,34.366333,66.6,48559.516
BORDEAUX ST JEAN,2023-05-01,16.804369,29.4,8.1,72.899994,72.899994,0.0,25.050413,47.88,53388.87
BORDEAUX ST JEAN,2023-06-01,21.366598,30.7,14.55,180.7,180.7,0.0,24.905132,47.16,55896.55
BORDEAUX ST JEAN,2023-07-01,21.207594,33.75,13.35,34.5,34.5,0.0,24.144167,47.88,54708.547
BORDEAUX ST JEAN,2023-08-01,22.06801,38.0,11.3,69.8,69.8,0.0,34.981182,63.72,50507.03
BORDEAUX ST JEAN,2023-09-01,21.297222,33.85,10.3,65.1,65.1,0.0,28.001427,52.92,45121.312
BORDEAUX ST JEAN,2023-10-01,16.676546,32.15,7.75,158.90001,158.90001,0.0,37.221283,68.03999,39522.26
BORDEAUX ST JEAN,2023-11-01,11.121667,21.2,-0.65,231.5,231.5,0.0,43.962765,90.36,34548.52
BORDEAUX ST JEAN,2023-12-01,8.479705,15.5,-0.3,114.3,114.3,0.0,31.559086,58.679996,31899.69
BORDEAUX ST JEAN,2024-01-01,7.1684813,16.45,-4.55,49.9,46.8,2.17,36.55906,71.28,33234.023
BORDEAUX ST JEAN,2024-02-01,9.544325,20.05,1.45,135.8,135.8,0.0,36.088093,66.6,37575.42
BORDEAUX ST JEAN,2024-03-01,10.907728,23.65,1.8,177.0,177.0,0.0,34.1526,61.56,43065.38
BORDEAUX ST JEAN,2024-04-01,12.9736805,27.1,3.4,56.1,56.1,0.0,29.76484,57.6,48691.953
BORDEAUX ST JEAN,2024-05-01,14.668549,27.8,6.8,158.6,158.6,0.0,27.009598,52.56,53488.895
BORDEAUX ST JEAN,2024-06-01,18.75361,31.65,9.65,133.39998,133.39998,0.0,23.857979,45.719997,55912.793
BORDEAUX ST JEAN,2024-07-01,21.01566,36.45,11.1,49.2,49.2,0.0,27.059933,50.039997,54634.184
BORDEAUX ST JEAN,2024-08-01,21.425066,37.2,11.6,34.2,34.2,0.0,26.368616,51.12,50383.355
BORDEAUX ST JEAN,2024-09-01,16.593403,25.6,8.05,127.700005,127.700005,0.0,30.298332,69.12,44981.098
BORDEAUX ST JEAN,2024-10-01,15.540658,24.75,5.9,121.2,121.2,0.0,39.144512,72.72,39386.914
BORDEAUX ST JEAN,2024-11-01,11.340487,20.8,1.8,61.7,61.6,0.07,41.22982,81.72,34444.566
BORDEAUX ST JEAN,2024-12-01,7.509946,16.5,0.05,71.5,71.5,0.0,32.46493,69.12,31882.658
BORDEAUX ST JEAN,2025-01-01,7.0577283,17.0,-4.0,116.5,116.3,0.14,37.20082,77.03999,33313.57
BORDEAUX ST JEAN,2025-02-01,8.6308775,19.2,-1.1,63.5,63.5,0.0,25.913124,61.56,37618.285
BORDEAUX ST JEAN,2025-03-01,10.217809,19.7,0.8,46.3,46.3,0.0,33.202557,63.72,43019.477
BORDEAUX ST JEAN,2025-04-01,13.928889,24.45,5.1,104.7,104.7,0.0,37.983837,73.799995,48649.24
BORDEAUX ST JEAN,2025-05-01,17.034206,34.4,8.3,42.399998,42.399998,0.0,22.218884,50.039997,53457.023
BORDEAUX ST JEAN,2025-06-01,22.794514,39.0,12.45,43.5,43.5,0.0,21.547436,61.56,55907.043
BORDEAUX ST JEAN,2025-07-01,22.60625,37.7,13.9,23.7,23.7,0.0,23.806318,54.0,54659.023
BORDEAUX ST JEAN,2025-08-01,23.761827,41.65,14.15,52.199997,52.199997,0.0,24.569836,64.079994,50420.82
BORDEAUX ST JEAN,2025-09-01,17.423124,33.4,8.75,56.4,56.4,0.0,22.668568,71.64,45025.973
BORDEAUX ST JEAN,2025-10-01,14.752755,23.6,6.8,70.200005,70.200005,0.0,36.615734,87.479996,39427.11
BORDEAUX ST JEAN,2025-11-01,10.633265,21.0,-1.4,102.6,102.6,0.0,29.147219,58.679996,34479.023
BORDEAUX ST JEAN,2025-12-01,8.201949,16.85,-2.2,50.1,50.1,0.0,23.408997,51.48,31887.445
BREST,2018-01-01,9.134072,13.7,1.15,129.2,128.8,0.28,53.153362,108.36,31836.51
BREST,2018-02-01,5.324554,11.7,-4.6,66.0,64.600006,0.98,47.827187,99.36,36761.387
BREST,2018-03-01,7.094019,12.35,-2.25,151.3,140.8,7.35,48.791622,90.72,42892.414
BREST,2018-04-01,10.883265,22.4,3.95,77.5,77.5,0.0,41.97822,82.799995,49292.492
BREST,2018-05-01,13.064852,23.8,5.35,46.100002,46.100002,0.0,33.62099,66.24,54822.492
BREST,2018-06-01,16.852362,28.2,11.1,69.4,69.4,0.0,28.510544,53.639996,57713.953
BREST,2018-07-01,18.945564,27.35,13.8,77.5,77.5,0.0,38.67278,75.6,56301.098
BREST,2018-08-01,17.326344,28.0,11.4,45.200005,45.200005,0.0,32.44996,61.56,51435.605
BREST,2018-09-01,15.771735,24.1,8.45,36.600002,36.600002,0.0,41.305977,90.72,45301.098
BREST,2018-10-01,12.445229,20.2,2.45,89.1,89.1,0.0,46.0814,88.2,38943.19
BREST,2018-11-01,10.130139,15.85,2.3,166.9,166.9,0.0,54.911507,108.0,33269.934
BREST,2018-12-01,10.019018,13.75,2.55,165.1,165.1,0.0,45.89541,87.84,30226.846
BREST,2019-01-01,7.1647177,11.5,-0.45,71.799995,71.7,0.07,43.279427,87.479996,31807.186
BREST,2019-02-01,8.887797,17.3,3.4,82.200005,82.00001,0.14,49.82717,96.12,36714.543
BREST,2019-03-01,9.568414,18.9,2.2,79.1,79.1,0.0,48.159332,101.52,42840.867
BREST,2019-04-01,10.469236,22.6,2.45,89.299995,89.299995,0.0,37.16902,67.67999,49245.46
BREST,2019-05-01,12.295967,20.55,4.25,48.7,48.7,0.0,37.72965,73.079994,54786.4
BREST,2019-06-01,15.005694,32.1,9.15,121.5,121.5,0.0,40.076588,79.2,57709.027
BREST,2019-07-01,18.17258,27.65,12.7,37.100002,37.100002,0.0,48.981174,95.76,56327.203
BREST,2019-08-01,16.92043,25.85,10.85,90.4,90.4,0.0,46.730717,95.399994,51482.492
BREST,2019-09-01,15.726667,23.85,9.65,90.4,90.4,0.0,45.258457,92.159996,45350.727
BREST,2019-10-01,13.307594,16.7,7.05,199.3,199.3,0.0,38.90832,80.64,38994.934
BREST,2019-11-01,9.642986,15.8,4.7,208.5,208.5,0.0,44.971188,90.0,33306.586
BREST,2019-12-01,9.031452,12.95,1.8,147.40001,147.40001,0.0,53.81368,112.67999,30233.566
BREST,2020-01-01,8.629032,13.1,2.6,131.2,131.2,0.0,52.422974,110.88,31778.617
BREST,2020-02-01,9.396264,12.95,3.3,159.3,159.2,0.07,60.34378,114.84,36764.86
BREST,2020-03-01,8.649194,16.3,2.8,85.799995,85.799995,0.0,41.775517,81.36,43004.305
BREST,2020-04-01,11.892709,23.6,3.95,54.799995,54.799995,0.0,41.638786,82.079994,49396.688
BREST,2020-05-01,14.491398,26.05,6.5,31.500002,31.500002,0.0,42.512016,82.439995,54902.324
BREST,2020-06-01,15.211041,28.25,9.95,138.9,138.9,0.0,41.8855,82.799995,57729.16
BREST,2020-07-01,16.345968,27.7,9.8,38.899998,38.899998,0.0,33.989033,64.079994,56240.74
BREST,2020-08-01,17.658133,25.3,10.6,89.09998,89.09998,0.0,47.6208,102.6,51341.324
BREST,2020-09-01,15.876319,27.6,8.85,53.3,53.3,0.0,42.864193,80.28,45190.91
BREST,2020-10-01,12.342675,16.55,7.15,151.20001,151.20001,0.0,49.341015,96.84,38840.73
BREST,2020-11-01,11.758542,16.9,4.4,104.4,104.4,0.0,47.798725,88.92,33185.45
BREST,2020-12-01,8.886291,13.85,2.5,243.5,243.3,0.14,58.254406,110.52,30213.291
BREST,2021-01-01,6.879301,12.35,-0.7,146.2,145.3,0.63,42.91254,80.28,31870.498
BREST,2021-02-01,7.807217,14.15,-1.65,123.2,118.2,3.5700002,45.10212,87.84,36812.836
BREST,2021-03-01,8.801209,19.05,2.1,45.699997,45.699997,0.0,52.55506,104.399994,42952.293
BREST,2021-04-01,9.255694,24.55,1.55,10.8,10.8,0.0,31.845251,63.0,49347.684
BREST,2021-05-01,11.525403,22.65,3.55,119.6,119.6,0.0,47.011368,93.6,54866.3
BREST,2021-06-01,15.368195,25.65,9.1,70.30001,70.30001,0.0,30.096085,60.479996,57722.652
BREST,2021-07-01,17.525469,29.65,12.65,119.3,119.3,0.0,57.752792,109.079994,56270.684
BREST,2021-08-01,16.364449,22.85,12.65,54.2,54.2,0.0,37.641953,69.84,51385.484
BREST,2021-09-01,16.951042,28.65,10.8,72.1,72.1,0.0,45.685966,101.159996,45243.285
BREST,2021-10-01,13.940255,19.3,6.85,192.70001,192.70001,0.0,48.503902,97.2,38887.453
BREST,2021-11-01,9.665972,14.3,3.6,39.4,39.000004,0.28,43.577847,82.079994,33225.367
BREST,2021-12-01,9.22547,14.1,1.5,110.5,108.7,1.26,44.30341,80.64,30218.959
BREST,2022-01-01,7.786156,14.35,0.05,68.899994,68.899994,0.0,49.52454,93.6,31837.422
BREST,2022-02-01,9.13311,13.0,2.65,76.299995,76.299995,0.0,47.169617,88.56,36766.348
BREST,2022-03-01,9.665457,19.25,3.05,63.5,63.1,0.28,47.27528,87.12,42898.05
BREST,2022-04-01,10.557986,20.9,1.0,62.0,62.0,0.0,42.971394,79.2,49301.1
BREST,2022-05-01,13.677823,21.4,8.0,21.5,21.5,0.0,35.08292,66.6,54829.207
BREST,2022-06-01,15.836181,28.2,7.25,120.3,120.3,0.0,41.39374,77.76,57717.375
BREST,2022-07-01,18.605646,35.85,10.75,11.6,11.6,0.0,27.475807,52.92,56298.457
BREST,2022-08-01,19.205778,32.95,12.95,35.7,35.7,0.0,26.785547,51.12,51428.93
BREST,2022-09-01,15.856388,24.65,8.15,122.6,122.6,0.0,35.64727,78.12,45293.727
BREST,2022-10-01,14.974328,21.05,9.3,130.9,130.9,0.0,48.630653,86.399994,38935.617
BREST,2022-11-01,12.109584,17.75,5.6,255.90001,255.90001,0.0,49.54024,96.479996,33263.797
BREST,2022-12-01,7.1074595,13.75,-0.45,216.5,216.1,0.28,50.474518,96.12,30223.926
BREST,2023-01-01,7.9235215,13.25,-1.45,141.3,138.9,1.6800001,48.268196,90.0,31808.512
BREST,2023-02-01,7.373586,13.2,-1.2,16.099998,16.099998,0.0,31.608328,59.399998,36717.71
BREST,2023-03-01,9.383199,13.9,0.45,214.5,214.5,0.0,49.934994,100.079994,42845.84
BREST,2023-04-01,10.459722,18.35,3.25,88.9,88.7,0.14,47.209442,90.36,49251.48
BREST,2023-05-01,13.473051,20.3,7.35,75.5,75.5,0.0,34.494312,65.520004,54792.918
BREST,2023-06-01,17.48,26.5,9.95,55.2,55.2,0.0,27.295977,52.56,57711.777
BREST,2023-07-01,16.953562,24.9,10.75,122.50001,122.50001,0.0,41.556225,80.64,56324.406
BREST,2023-08-01,16.981789,26.9,10.4,96.0,96.0,0.0,51.89622,100.079994,51476.484
BREST,2023-09-01,17.83014,30.25,9.85,126.1,126.1,0.0,42.022964,78.84,45342.582
BREST,2023-10-01,14.50121,23.45,8.35,142.09999,142.09999,0.0,45.831833,91.799995,38987.348
BREST,2023-11-01,11.086736,15.4,5.0,196.90001,196.90001,0.0,78.25261,147.59999,33299.082
BREST,2023-12-01,10.318481,14.65,1.05,151.8,151.8,0.0,49.52454,99.72,30231.574
BREST,2024-01-01,6.9429436,14.5,-3.4,160.9,160.49998,0.28,49.241104,100.439995,31780.926
BREST,2024-02-01,10.111637,15.95,4.45,182.1,179.8,1.61,49.951862,90.72,36769.258
BREST,2024-03-01,9.303159,15.05,3.1,144.90001,143.1,1.26,58.415474,112.32,43010.395
BREST,2024-04-01,10.76507,17.3,4.4,106.5,106.5,0.0,45.891174,92.52,49402.457
BREST,2024-05-01,13.39664,24.0,7.95,109.1,109.1,0.0,37.221283,68.03999,54908.676
BREST,2024-06-01,14.835139,24.15,7.3,51.100002,51.100002,0.0,38.197342,74.88,57730.812
BREST,2024-07-01,16.342339,26.85,10.1,124.200005,124.200005,0.0,31.89202,59.399998,56237.855
BREST,2024-08-01,17.538979,31.2,11.8,90.5,90.5,0.0,30.886656,72.0,51334.867
BREST,2024-09-01,14.911667,23.35,7.7,103.700005,103.700005,0.0,44.522625,83.88,45183.477
BREST,2024-10-01,13.475337,19.2,5.9,135.0,135.0,0.0,43.476612,78.479996,38833.367
BREST,2024-11-01,11.46236,17.6,1.3,105.0,103.7,0.90999997,56.285053,111.24,33179.31
BREST,2024-12-01,9.341398,14.45,1.35,75.4,75.3,0.07,48.851677,93.24,30211.736
BREST,2025-01-01,6.8240595,13.6,0.05,212.3,211.2,0.77,58.37025,113.03999,31873.01
BREST,2025-02-01,7.95997,13.75,1.25,89.700005,88.6,0.77,47.5009,88.2,36818.387
BREST,2025-03-01,9.205578,17.75,1.95,38.000004,38.000004,0.0,34.37623,64.799995,42958.332
BREST,2025-04-01,12.350555,24.8,5.2,101.200005,101.200005,0.0,36.145954,65.88,49353.758
BREST,2025-05-01,13.753899,21.8,7.05,60.2,60.2,0.0,33.264954,70.56,54871.785
BREST,2025-06-01,17.218819,29.65,10.75,53.3,53.3,0.0,32.886345,66.24,57724.074
BREST,2025-07-01,18.136425,31.95,12.45,66.9,66.9,0.0,34.936695,65.159996,56266.76
BREST,2025-08-01,18.580378,32.75,11.4,59.000008,59.000008,0.0,33.043606,64.439995,51377.76
BREST,2025-09-01,15.02889,23.35,9.0,103.4,103.4,0.0,43.469162,82.799995,45234.395
BREST,2025-10-01,13.3588705,19.55,8.75,103.600006,103.600006,0.0,45.964893,95.76,38879.094
BREST,2025-11-01,11.515278,18.25,1.9,138.1,137.8,0.21000001,43.11629,82.799995,33219.016
BREST,2025-12-01,8.663442,15.3,-0.35,162.7,162.3,0.28,51.072124,98.64,30217.318
