Gare de départ,Date,temperature_2m_mean,temperature_2m_max,temperature_2m_min,precipitation_sum,rain_sum,snowfall_sum,wind_speed_10m_max,wind_gusts_10m_max,daylight_duration
LYON PART DIEU,2018-01-01,7.02211,15.05,-0.35,116.2,115.1,0.77,33.933697,65.520004,32934.023
LYON PART DIEU,2018-02-01,1.656622,10.9,-8.55,40.8,30.5,7.2799997,31.731092,62.639996,37372.94
LYON PART DIEU,2018-03-01,6.9159946,16.65,-1.65,104.1,100.5,2.52,38.580513,77.4,42944.43
LYON PART DIEU,2018-04-01,13.561389,26.6,1.2,36.2,36.2,0.0,36.748222,75.6,48763.918
LYON PART DIEU,2018-05-01,16.355577,28.55,7.0,85.3,85.3,0.0,33.127823,63.0,53752.887
LYON PART DIEU,2018-06-01,20.41618,32.6,11.95,56.699997,56.699997,0.0,30.652895,61.56,56332.742
LYON PART DIEU,2018-07-01,24.28293,34.85,14.75,32.0,32.0,0.0,24.850431,48.96,55075.27
LYON PART DIEU,2018-08-01,23.340794,35.4,9.95,49.0,49.0,0.0,33.617138,65.159996,50704.008
LYON PART DIEU,2018-09-01,19.760693,31.05,8.6,14.3,14.3,0.0,32.039997,63.36,45136.977
LYON PART DIEU,2018-10-01,13.590928,25.9,1.7,73.6,72.4,0.84000003,30.124065,64.079994,39352.383
LYON PART DIEU,2018-11-01,8.476806,18.6,0.45,96.8,95.700005,0.77,39.345543,74.520004,34220.887
LYON PART DIEU,2018-12-01,5.326008,15.4,-2.6,72.1,71.9,0.14,33.841915,69.84,31494.873
LYON PART DIEU,2019-01-01,2.5711694,9.75,-4.35,47.4,33.7,9.59,36.0072,68.4,32907.746
LYON PART DIEU,2019-02-01,5.3060265,16.9,-3.0,35.9,34.0,1.3300002,38.403748,73.439995,37330.51
LYON PART DIEU,2019-03-01,8.804839,18.95,-1.45,42.199997,42.199997,0.0,49.712597,94.32,42897.51
LYON PART DIEU,2019-04-01,11.046528,23.9,-0.5,73.5,73.5,0.0,55.102345,108.0,48721.27
LYON PART DIEU,2019-05-01,13.730914,25.8,2.75,55.899998,55.899998,0.0,38.894997,75.24,53720.53
LYON PART DIEU,2019-06-01,20.986668,36.15,7.8,101.5,101.5,0.0,42.10769,83.520004,56328.367
LYON PART DIEU,2019-07-01,24.192944,37.55,14.45,45.8,45.8,0.0,29.070974,57.6,55098.555
LYON PART DIEU,2019-08-01,21.426075,32.75,12.1,99.70001,99.70001,0.0,29.88217,58.32,50746.375
LYON PART DIEU,2019-09-01,18.399376,30.8,6.9,30.300001,30.300001,0.0,28.291512,55.8,45182.137
LYON PART DIEU,2019-10-01,14.672514,25.55,6.05,128.4,128.4,0.0,37.16553,84.24,39399.383
LYON PART DIEU,2019-11-01,7.5411115,17.55,-0.3,107.7,91.200005,11.549999,39.763298,74.520004,34253.86
LYON PART DIEU,2019-12-01,6.3856854,16.75,-2.65,89.7,89.6,0.07,52.49708,104.399994,31500.87
LYON PART DIEU,2020-01-01,4.649462,14.45,-2.85,30.600002,30.600002,0.0,33.21573,63.72,32882.15
LYON PART DIEU,2020-02-01,7.3340516,18.1,-1.5,31.8,31.8,0.0,41.835968,86.03999,37376.215
LYON PART DIEU,2020-03-01,8.445094,20.1,-0.25,37.1,37.1,0.0,34.92742,67.67999,43046.29
LYON PART DIEU,2020-04-01,14.449027,24.25,0.9,41.6,41.6,0.0,28.521906,57.239998,48858.4
LYON PART DIEU,2020-05-01,16.732056,29.2,6.3,96.8,96.8,0.0,29.869154,60.479996,53824.43
LYON PART DIEU,2020-06-01,19.576876,32.9,10.55,46.2,46.2,0.0,31.780067,64.079994,56346.23
LYON PART DIEU,2020-07-01,23.400469,38.45,14.1,44.800003,44.800003,0.0,28.442278,55.44,55021.402
LYON PART DIEU,2020-08-01,23.457527,36.25,11.35,49.1,49.1,0.0,30.248568,60.120003,50618.797
LYON PART DIEU,2020-09-01,19.170279,32.65,7.5,66.1,66.1,0.0,28.227306,58.32,45036.7
LYON PART DIEU,2020-10-01,11.652218,20.3,2.3,126.700005,126.700005,0.0,47.52545,91.439995,39259.33
LYON PART DIEU,2020-11-01,8.268403,17.75,-1.95,17.900002,17.900002,0.0,31.526215,61.56,34144.902
LYON PART DIEU,2020-12-01,5.482863,14.1,-1.9,117.3,114.00001,2.38,46.552883,88.56,31482.787
LYON PART DIEU,2021-01-01,3.0192876,13.35,-4.05,87.8,74.1,9.59,53.76067,101.159996,32964.484
LYON PART DIEU,2021-02-01,7.3149557,18.75,-7.15,44.600002,39.9,3.2899997,36.735878,72.0,37419.543
LYON PART DIEU,2021-03-01,7.8048387,23.9,-0.65,30.399998,30.399998,0.0,32.402,63.36,42998.94
LYON PART DIEU,2021-04-01,10.456319,23.95,-0.45,39.4,39.100002,0.21000001,37.16553,73.079994,48813.965
LYON PART DIEU,2021-05-01,13.315391,25.3,3.0,147.2,147.2,0.0,41.054203,82.439995,53792.152
LYON PART DIEU,2021-06-01,20.967916,32.5,11.9,90.600006,90.600006,0.0,30.274265,68.4,56340.457
LYON PART DIEU,2021-07-01,20.316732,32.25,11.4,157.6,157.6,0.0,28.551426,57.239998,55048.13
LYON PART DIEU,2021-08-01,19.846035,32.6,11.8,43.399998,43.399998,0.0,25.982424,53.28,50658.715
LYON PART DIEU,2021-09-01,18.987707,29.35,9.05,51.8,51.8,0.0,30.259275,61.920002,45084.367
LYON PART DIEU,2021-10-01,11.938844,23.9,2.2,122.3,122.3,0.0,46.220413,92.52,39301.76
LYON PART DIEU,2021-11-01,5.8360415,15.15,-2.4,73.8,64.6,6.4400005,28.483257,54.36,34180.8
LYON PART DIEU,2021-12-01,4.165054,14.65,-2.8,99.700005,90.600006,6.37,33.127823,62.639996,31487.842
LYON PART DIEU,2022-01-01,1.8572581,13.1,-4.65,30.3,22.3,5.6,32.41799,60.839996,32934.844
LYON PART DIEU,2022-02-01,5.81064,17.4,-3.25,37.300003,37.300003,0.0,34.966362,64.439995,37377.43
LYON PART DIEU,2022-03-01,8.853562,21.1,-3.55,36.9,35.800003,0.77,34.114628,63.72,42949.566
LYON PART DIEU,2022-04-01,11.35382,21.95,-1.2,42.8,35.1,5.3900003,36.361782,68.76,48771.727
LYON PART DIEU,2022-05-01,18.638172,30.7,7.6,24.800001,24.800001,0.0,39.28126,73.439995,53758.902
LYON PART DIEU,2022-06-01,21.838335,35.7,12.45,133.1,133.1,0.0,36.145508,69.12,56335.773
LYON PART DIEU,2022-07-01,23.985012,37.2,11.65,3.8,3.8,0.0,27.475807,53.639996,55072.91
LYON PART DIEU,2022-08-01,23.834475,37.6,15.4,59.9,59.9,0.0,22.45315,43.199997,50697.977
LYON PART DIEU,2022-09-01,17.439932,29.9,6.15,62.6,62.6,0.0,32.76198,68.03999,45130.266
LYON PART DIEU,2022-10-01,16.700472,24.35,5.5,55.0,55.0,0.0,41.41408,78.12,39345.504
LYON PART DIEU,2022-11-01,9.668333,18.2,1.45,101.8,101.8,0.0,33.21573,62.639996,34215.367
LYON PART DIEU,2022-12-01,5.6822577,16.75,-4.7,100.1,92.4,5.3900003,37.938602,66.24,31492.27
LYON PART DIEU,2023-01-01,4.6920695,15.65,-3.9,53.2,47.0,4.34,39.97459,72.72,32908.934
LYON PART DIEU,2023-02-01,4.730506,15.5,-4.35,6.0000005,5.9,0.07,42.77794,79.2,37333.383
LYON PART DIEU,2023-03-01,8.703696,19.75,-4.05,104.9,104.9,0.0,42.305744,77.03999,42902.035
LYON PART DIEU,2023-04-01,10.65993,22.65,0.5,72.2,72.2,0.0,31.259945,59.399998,48726.727
LYON PART DIEU,2023-05-01,15.7780905,26.8,8.25,94.4,94.4,0.0,34.428497,63.72,53726.375
LYON PART DIEU,2023-06-01,21.831112,31.8,12.9,86.6,86.6,0.0,29.179993,56.519997,56330.805
LYON PART DIEU,2023-07-01,23.242271,36.7,12.95,75.5,75.5,0.0,35.85932,68.4,55096.06
LYON PART DIEU,2023-08-01,23.658535,40.75,10.95,24.0,24.0,0.0,30.7542,58.679996,50740.945
LYON PART DIEU,2023-09-01,20.638958,33.6,8.6,88.7,88.7,0.0,31.682047,62.279995,45174.73
LYON PART DIEU,2023-10-01,15.8217745,27.65,6.1,158.6,158.6,0.0,40.449966,82.439995,39392.492
LYON PART DIEU,2023-11-01,8.160486,18.85,-3.4,88.0,88.0,0.0,43.9259,86.03999,34247.105
LYON PART DIEU,2023-12-01,5.441129,14.15,-5.25,91.799995,91.7,0.07,37.44692,68.03999,31499.096
LYON PART DIEU,2024-01-01,3.9263442,14.4,-4.7,66.5,61.700005,3.36,34.567497,62.279995,32884.22
LYON PART DIEU,2024-02-01,7.417529,15.25,-0.85,70.200005,69.600006,0.42000002,43.6551,80.64,37380.207
LYON PART DIEU,2024-03-01,9.588441,20.6,-0.35,157.0,153.40001,2.5200002,45.60079,95.399994,43051.832
LYON PART DIEU,2024-04-01,11.539306,26.75,-1.25,100.4,100.4,0.0,38.761486,71.64,48863.633
LYON PART DIEU,2024-05-01,14.718951,25.95,5.6,148.0,148.0,0.0,28.802248,54.0,53830.125
LYON PART DIEU,2024-06-01,19.009443,29.95,9.3,93.8,93.8,0.0,34.03095,63.0,56347.7
LYON PART DIEU,2024-07-01,21.693481,36.45,11.15,119.2,119.2,0.0,29.179993,55.44,55018.832
LYON PART DIEU,2024-08-01,22.908804,35.2,11.2,57.600002,57.600002,0.0,38.881668,72.36,50612.97
LYON PART DIEU,2024-09-01,16.256945,29.65,5.45,192.7,192.7,0.0,42.498684,78.12,45029.938
LYON PART DIEU,2024-10-01,14.595296,23.45,5.8,119.9,119.9,0.0,53.37842,97.92,39252.64
LYON PART DIEU,2024-11-01,8.077084,18.4,-1.7,71.50001,71.50001,0.0,46.552883,102.24,34139.383
LYON PART DIEU,2024-12-01,3.2567878,11.55,-3.0,72.2,71.3,0.63,26.28,58.679996,31481.4
LYON PART DIEU,2025-01-01,4.29664,15.55,-6.05,75.2,75.2,0.0,42.82714,92.159996,32966.74
LYON PART DIEU,2025-02-01,5.590253,15.35,-3.0,56.8,56.699997,0.07,31.14468,68.4,37424.574
LYON PART DIEU,2025-03-01,8.540658,19.3,-0.85,66.7,66.7,0.0,31.738241,72.0,43004.434
LYON PART DIEU,2025-04-01,12.68757,24.6,2.85,84.200005,84.200005,0.0,25.385744,59.76,48819.477
LYON PART DIEU,2025-05-01,16.446102,31.7,8.0,54.1,54.1,0.0,25.025826,56.88,53797.066
LYON PART DIEU,2025-06-01,23.924097,36.95,11.1,97.600006,97.600006,0.0,22.146585,52.92,56341.715
LYON PART DIEU,2025-07-01,22.63703,37.4,12.3,65.6,65.6,0.0,22.42427,53.639996,55044.63
LYON PART DIEU,2025-08-01,23.472582,39.65,12.4,54.4,54.4,0.0,20.70704,46.44,50651.73
LYON PART DIEU,2025-09-01,16.631319,29.85,7.25,113.0,113.0,0.0,22.76911,52.56,45076.277
LYON PART DIEU,2025-10-01,11.9757395,22.1,6.1,76.8,76.8,0.0,33.151287,70.2,39294.168
LYON PART DIEU,2025-11-01,8.00875,18.35,-3.7,105.3,104.4,0.63,31.048307,66.6,34175.094
LYON PART DIEU,2025-12-01,5.6972446,14.85,-3.35,63.699997,59.899998,2.6600003,22.979452,50.039997,31486.377
MACON LOCHE,2018-01-01,7.256253,13.745501,0.6955,168.9,165.4,2.45,32.058193,73.799995,32713.32
MACON LOCHE,2018-02-01,1.6893244,9.6955,-8.6545,44.3,30.099998,9.940001,28.119204,63.36,37249.375
MACON LOCHE,2018-03-01,6.713242,16.1955,-2.0045,127.799995,122.6,3.6400003,30.472675,68.76,42933.805
MACON LOCHE,2018-04-01,13.622791,25.9455,2.8455,45.199997,45.199997,0.0,33.48,93.6,48870.543
MACON LOCHE,2018-05-01,16.494558,27.595499,6.5455,80.1,80.1,0.0,28.220417,61.56,53967.715
MACON LOCHE,2018-06-01,20.222721,31.595499,11.3455,47.599995,47.599995,0.0,30.25928,67.32,56609.07
MACON LOCHE,2018-07-01,23.860285,34.1955,14.0955,46.0,46.0,0.0,21.461555,47.519997,55321.016
MACON LOCHE,2018-08-01,23.16667,34.6455,9.5955,41.5,41.5,0.0,27.804028,77.03999,50851.406
MACON LOCHE,2018-09-01,19.689598,31.6955,8.0455,15.0,15.0,0.0,26.525429,60.479996,45170.06
MACON LOCHE,2018-10-01,13.778767,26.1955,2.2455,68.3,67.00001,0.90999997,32.402,74.520004,39269.586
MACON LOCHE,2018-11-01,8.324875,19.495499,-0.4045,74.8,74.8,0.0,33.48,75.96,34029.348
MACON LOCHE,2018-12-01,5.6059165,15.245501,-3.3045,82.200005,82.200005,0.0,28.202042,68.03999,31240.402
MACON LOCHE,2019-01-01,2.7653925,8.795501,-4.1545,46.899998,29.9,11.9,29.370352,66.96,32686.436
MACON LOCHE,2019-02-01,5.815217,17.3955,-2.3544998,27.3,26.3,0.7,28.639803,71.28,37206.06
MACON LOCHE,2019-03-01,8.867341,18.8955,-0.4045,43.899998,43.8,0.07,34.92742,79.56,42885.95
MACON LOCHE,2019-04-01,10.987792,23.6955,-0.104499996,86.5,84.6,1.3299999,49.61474,114.84,48827.016
MACON LOCHE,2019-05-01,13.453834,25.845499,3.2455,47.1,47.1,0.0,31.877792,72.0,53934.617
MACON LOCHE,2019-06-01,21.139668,36.6955,7.5955,65.2,65.2,0.0,35.68542,80.28,56604.586
MACON LOCHE,2019-07-01,24.107595,38.8955,14.6955,55.3,55.3,0.0,24.503809,56.88,55344.86
MACON LOCHE,2019-08-01,21.781923,33.1955,12.6455,65.9,65.9,0.0,21.67487,56.519997,50894.684
MACON LOCHE,2019-09-01,18.25168,30.595499,7.0955,35.0,35.0,0.0,24.94413,59.76,45216.125
MACON LOCHE,2019-10-01,14.2213745,24.5455,6.8455,149.2,149.2,0.0,31.68818,93.6,39317.543
MACON LOCHE,2019-11-01,7.511264,17.6955,-1.1545,120.0,108.3,8.190001,25.984917,61.920002,34063.05
MACON LOCHE,2019-12-01,6.338309,17.1455,-1.6044999,104.9,104.6,0.21000001,42.51812,97.92,31246.545
MACON LOCHE,2020-01-01,4.6393847,13.8955,-2.8045,30.599998,30.599998,0.0,29.723444,64.439995,32660.25
MACON LOCHE,2020-02-01,7.5733023,18.0455,-2.2045002,51.399998,49.3,1.47,33.161064,78.84,37252.695
MACON LOCHE,2020-03-01,8.451952,19.5455,-0.6545,49.300003,49.300003,0.0,28.48326,66.24,43037.695
MACON LOCHE,2020-04-01,14.630778,24.0455,0.09549999,34.200005,34.200005,0.0,24.144165,57.96,48966.98
MACON LOCHE,2020-05-01,16.433067,28.995499,5.7455,86.6,86.6,0.0,24.609364,60.479996,54040.902
MACON LOCHE,2020-06-01,18.849318,32.2955,10.5955,76.0,76.0,0.0,21.485697,49.32,56622.895
MACON LOCHE,2020-07-01,23.16035,39.2455,13.4455,30.9,30.9,0.0,20.907913,48.6,55265.87
MACON LOCHE,2020-08-01,23.0832,36.3455,12.1955,68.4,68.4,0.0,24.216522,53.639996,50764.383
MACON LOCHE,2020-09-01,19.013903,32.7455,8.0455,78.7,78.7,0.0,31.700449,72.36,45067.777
MACON LOCHE,2020-10-01,11.625944,19.6455,3.8955002,166.2,166.2,0.0,36.388508,91.079994,39174.633
MACON LOCHE,2020-11-01,8.310639,17.995499,-2.4045,13.000001,13.000001,0.0,25.49908,59.039997,33951.668
MACON LOCHE,2020-12-01,5.321508,13.495501,-2.0045,116.4,109.0,5.18,38.18716,91.439995,31228.027
MACON LOCHE,2021-01-01,3.39261,13.745501,-3.7545,91.9,74.1,12.46,35.543507,88.2,32744.484
MACON LOCHE,2021-02-01,6.8986998,18.845499,-5.8545003,49.600002,48.600002,0.7,27.959742,61.920002,37296.953
MACON LOCHE,2021-03-01,7.695769,23.6455,-0.4045,35.199997,35.199997,0.0,27.666182,67.32,42989.4
MACON LOCHE,2021-04-01,10.228972,23.345499,-1.4545001,41.199997,41.1,0.07,27.729347,64.439995,48921.625
MACON LOCHE,2021-05-01,12.961898,25.6455,3.3455,137.90001,137.90001,0.0,38.65602,90.72,54007.88
MACON LOCHE,2021-06-01,20.503069,31.595499,11.0955,130.8,130.8,0.0,22.007162,63.0,56616.98
MACON LOCHE,2021-07-01,19.806654,30.745499,12.745501,190.4,190.4,0.0,25.045238,56.519997,55293.234
MACON LOCHE,2021-08-01,19.426817,32.0455,11.745501,46.000004,46.000004,0.0,22.406927,51.12,50805.145
MACON LOCHE,2021-09-01,18.579945,29.7955,8.5455,71.6,71.6,0.0,22.805367,53.639996,45116.395
MACON LOCHE,2021-10-01,12.02292,22.3955,3.8955002,87.600006,87.600006,0.0,36.832767,83.520004,39217.934
MACON LOCHE,2021-11-01,5.9750834,14.8955,-0.70449996,68.5,58.7,6.86,23.4,52.92,33988.367
MACON LOCHE,2021-12-01,4.5518174,15.795501,-3.7545,122.0,112.200005,6.8599997,26.459389,59.039997,31233.205
MACON LOCHE,2022-01-01,2.3848817,12.745501,-4.6045003,35.1,30.0,3.57,27.757376,60.839996,32714.158
MACON LOCHE,2022-02-01,6.183595,17.995499,-3.2045002,55.3,55.3,0.0,28.71437,63.0,37253.96
MACON LOCHE,2022-03-01,8.909679,20.0455,-2.3045,38.399998,38.399998,0.0,30.962095,68.76,42939.04
MACON LOCHE,2022-04-01,11.289667,21.4455,-0.8045,63.2,51.899998,7.98,35.036713,75.6,48878.508
MACON LOCHE,2022-05-01,18.177557,32.3955,7.3954997,66.8,66.8,0.0,27.534704,60.839996,53973.867
MACON LOCHE,2022-06-01,21.514595,36.0955,11.8955,141.3,141.3,0.0,29.427662,65.88,56612.18
MACON LOCHE,2022-07-01,23.277084,36.795498,12.6455,4.0,4.0,0.0,21.794127,49.32,55318.6
MACON LOCHE,2022-08-01,23.249195,36.5955,15.3455,47.7,47.7,0.0,23.110205,51.839996,50845.246
MACON LOCHE,2022-09-01,16.913973,29.5455,7.1955,79.4,79.4,0.0,21.313093,48.239998,45163.215
MACON LOCHE,2022-10-01,16.37171,23.845499,7.1454997,75.700005,75.700005,0.0,29.237675,63.36,39262.57
MACON LOCHE,2022-11-01,9.454805,17.7955,2.5455,92.299995,92.299995,0.0,26.121714,57.96,34023.703
MACON LOCHE,2022-12-01,5.2018175,17.245499,-5.2545,92.9,90.9,1.4,34.921856,73.079994,31237.738
MACON LOCHE,2023-01-01,4.9854193,15.8955,-3.1044998,66.8,51.9,10.499999,29.59235,65.159996,32687.654
MACON LOCHE,2023-02-01,4.982405,15.1955,-3.9045,11.200001,11.200001,0.0,37.56786,82.799995,37208.992
MACON LOCHE,2023-03-01,8.542746,19.9455,-2.6044998,85.0,85.0,0.0,31.003918,73.079994,42890.566
MACON LOCHE,2023-04-01,10.549181,24.5455,1.4455,78.4,78.4,0.0,28.36471,57.96,48832.58
MACON LOCHE,2023-05-01,15.752422,26.495499,8.1455,87.4,87.4,0.0,29.714724,64.079994,53940.594
MACON LOCHE,2023-06-01,21.878277,31.4455,12.6455,104.700005,104.700005,0.0,23.83896,52.199997,56607.086
MACON LOCHE,2023-07-01,22.087366,36.6955,11.9455,91.299995,91.299995,0.0,28.185955,61.199997,55342.305
MACON LOCHE,2023-08-01,22.24617,37.3955,10.795501,36.1,36.1,0.0,29.379175,64.799995,50889.137
MACON LOCHE,2023-09-01,20.659735,33.0955,8.745501,61.6,61.6,0.0,26.700743,60.120003,45208.566
MACON LOCHE,2023-10-01,15.375205,27.1955,5.4455,154.3,154.3,0.0,33.71338,68.03999,39310.51
MACON LOCHE,2023-11-01,8.192445,16.1955,-2.5045,120.1,120.1,0.0,34.627434,71.64,34056.15
MACON LOCHE,2023-12-01,5.696844,15.1955,-4.8045,81.5,80.9,0.42,27.288855,57.239998,31244.727
MACON LOCHE,2024-01-01,3.9920728,14.295501,-4.5545,53.899998,47.3,4.69,27.021591,56.16,32662.367
MACON LOCHE,2024-02-01,7.7429137,15.8455,-0.4045,83.0,82.0,0.70000005,35.28,70.2,37256.766
MACON LOCHE,2024-03-01,9.730312,20.845499,0.9455,144.8,143.70001,0.77,39.658867,83.88,43043.348
MACON LOCHE,2024-04-01,11.258486,25.8955,0.19550002,119.299995,119.0,0.21,32.058193,71.28,48972.32
MACON LOCHE,2024-05-01,14.544493,25.345499,6.3954997,151.6,151.6,0.0,26.867676,53.28,54046.727
MACON LOCHE,2024-06-01,18.61043,29.4455,8.495501,144.3,144.3,0.0,25.582806,53.28,56624.4
MACON LOCHE,2024-07-01,21.151346,34.545498,11.995501,123.4,123.4,0.0,24.014996,51.12,55263.234
MACON LOCHE,2024-08-01,22.362972,34.1955,11.4455,49.9,49.9,0.0,28.112288,59.039997,50758.42
MACON LOCHE,2024-09-01,15.969111,29.345499,5.6955,132.20001,132.20001,0.0,30.663992,64.799995,45060.88
MACON LOCHE,2024-10-01,14.473188,22.5455,6.3455,150.4,150.4,0.0,37.34512,84.6,39167.81
MACON LOCHE,2024-11-01,8.071056,16.8955,-0.95449996,60.6,55.7,3.4299998,41.835968,83.88,33946.023
MACON LOCHE,2024-12-01,3.5110915,11.245501,-3.5045,60.7,60.7,0.0,33.44563,65.159996,31226.61
MACON LOCHE,2025-01-01,3.990258,15.795501,-5.7045,134.8,128.1,4.69,36.57501,73.079994,32746.785
MACON LOCHE,2025-02-01,5.237167,14.995501,-3.2545,46.5,46.4,0.07,32.778294,66.24,37302.09
MACON LOCHE,2025-03-01,8.460823,18.6955,-0.5545,55.800003,55.7,0.07,33.11413,69.84,42995.004
MACON LOCHE,2025-04-01,12.311819,23.7955,3.1955,88.49999,88.49999,0.0,29.899511,61.56,48927.25
MACON LOCHE,2025-05-01,15.521374,30.345499,6.1454997,43.7,43.7,0.0,27.185362,56.88,54012.906
MACON LOCHE,2025-06-01,22.776264,36.1455,11.3955,81.2,81.2,0.0,33.833298,69.479996,56618.27
MACON LOCHE,2025-07-01,21.813644,36.6955,11.795501,50.9,50.9,0.0,26.313265,54.0,55289.645
MACON LOCHE,2025-08-01,22.591331,38.5955,11.5955,74.799995,74.799995,0.0,22.022615,52.199997,50798.016
MACON LOCHE,2025-09-01,16.111473,28.745499,7.7955,100.5,100.5,0.0,23.313995,46.44,45108.15
MACON LOCHE,2025-10-01,11.784479,20.595499,4.5955,84.600006,84.600006,0.0,33.948017,70.92,39210.19
MACON LOCHE,2025-11-01,7.9619584,18.845499,-3.1044998,97.100006,95.700005,1.05,34.0885,68.03999,33982.527
MACON LOCHE,2025-12-01,5.581522,15.295501,-3.1044998,60.8,60.100002,0.48999998,30.750511,60.120003,31231.705
MARNE LA VALLEE,2018-01-01,6.905242,13.05,-0.25,155.2,154.0,0.84000003,43.237484,101.88,31619.674
MARNE LA VALLEE,2018-02-01,1.0536458,10.45,-10.15,58.9,33.4,17.85,28.775238,58.679996,36641.453
MARNE LA VALLEE,2018-03-01,6.2088037,16.75,-3.55,85.299995,80.4,3.43,32.47192,63.36,42882.375
MARNE LA VALLEE,2018-04-01,12.5129175,26.2,3.9,71.7,71.7,0.0,37.162045,71.64,49396.39
MARNE LA VALLEE,2018-05-01,15.488374,27.3,4.1,43.199997,43.199997,0.0,28.880886,53.639996,55034.19
MARNE LA VALLEE,2018-06-01,18.462849,31.05,7.4,70.9,70.9,0.0,23.863409,46.079998,57989.023
MARNE LA VALLEE,2018-07-01,22.678831,35.1,13.4,21.699999,21.699999,0.0,27.558228,52.92,56544.426
MARNE LA VALLEE,2018-08-01,20.338509,34.8,7.65,43.9,43.9,0.0,26.400545,53.639996,51579.69
MARNE LA VALLEE,2018-09-01,16.66875,27.95,5.0,36.2,36.2,0.0,40.46919,100.079994,45333.383
MARNE LA VALLEE,2018-10-01,13.256519,25.1,1.75,32.3,32.2,0.07,34.921856,65.520004,38863.113
MARNE LA VALLEE,2018-11-01,7.8586807,18.75,-3.45,77.0,76.200005,0.56,29.47826,59.76,33082.527
MARNE LA VALLEE,2018-12-01,6.154435,14.65,-3.6,101.100006,101.100006,0.0,41.399998,81.36,29975.508
MARNE LA VALLEE,2019-01-01,3.1577287,10.05,-5.35,63.0,33.0,20.999998,30.222849,58.679996,31589.736
MARNE LA VALLEE,2019-02-01,6.2625003,17.75,-2.6,36.9,36.600002,0.21000001,38.50654,79.92,36593.734
MARNE LA VALLEE,2019-03-01,8.469355,18.55,0.2,73.6,73.5,0.07,45.72425,90.72,42829.92
MARNE LA VALLEE,2019-04-01,10.417431,23.4,-1.75,30.199999,30.0,0.14,29.775719,67.67999,49348.5
MARNE LA VALLEE,2019-05-01,12.367271,21.7,0.95,84.2,84.2,0.0,27.595825,59.039997,54997.344
MARNE LA VALLEE,2019-06-01,18.891876,33.3,7.25,77.399994,77.399994,0.0,43.79589,82.079994,57983.984
MARNE LA VALLEE,2019-07-01,21.00457,39.8,10.95,29.5,29.5,0.0,28.467327,55.8,56571.1
MARNE LA VALLEE,2019-08-01,19.900537,32.15,10.6,84.7,84.7,0.0,31.037344,60.120003,51627.477
MARNE LA VALLEE,2019-09-01,16.720833,27.4,6.4,36.3,36.3,0.0,39.140793,81.72,45383.887
MARNE LA VALLEE,2019-10-01,13.003762,24.3,2.75,110.299995,110.299995,0.0,31.018547,60.479996,38915.793
MARNE LA VALLEE,2019-11-01,7.3203473,15.15,-1.2,124.5,122.5,1.4000001,31.667723,66.96,33119.918
MARNE LA VALLEE,2019-12-01,6.1895833,14.75,-2.85,107.3,107.3,0.0,41.60609,83.159996,29982.377
MARNE LA VALLEE,2020-01-01,5.566868,13.25,-3.75,41.100002,41.100002,0.0,36.43655,75.6,31560.568
MARNE LA VALLEE,2020-02-01,7.8955464,16.75,-0.45,126.4,123.1,2.3100002,48.04348,102.6,36644.953
MARNE LA VALLEE,2020-03-01,7.5284944,18.8,-0.85,64.8,64.8,0.0,38.70628,74.159996,42996.234
MARNE LA VALLEE,2020-04-01,13.590208,24.15,-0.95,25.199999,25.199999,0.0,32.59939,68.4,49502.504
MARNE LA VALLEE,2020-05-01,14.99496,27.85,4.15,43.6,43.6,0.0,36.707645,70.92,55115.69
MARNE LA VALLEE,2020-06-01,17.571737,32.35,8.25,46.4,46.4,0.0,31.526215,64.799995,58004.574
MARNE LA VALLEE,2020-07-01,19.743078,37.75,9.4,13.8,13.8,0.0,28.757215,55.44,56482.742
MARNE LA VALLEE,2020-08-01,21.580107,36.9,11.15,42.699997,42.699997,0.0,33.626774,64.079994,51483.605
MARNE LA VALLEE,2020-09-01,17.986807,32.85,9.15,52.699997,52.699997,0.0,34.358788,72.72,45221.254
MARNE LA VALLEE,2020-10-01,11.811828,20.3,4.3,102.4,102.4,0.0,37.34295,84.24,38758.805
MARNE LA VALLEE,2020-11-01,9.05875,18.7,-2.75,25.3,25.3,0.0,34.29838,84.96,32996.34
MARNE LA VALLEE,2020-12-01,5.983199,14.35,-1.0,142.9,142.5,0.28,45.92787,93.6,29961.652
MARNE LA VALLEE,2021-01-01,3.6752687,13.25,-2.9,115.4,104.3,7.77,41.376514,90.0,31654.371
MARNE LA VALLEE,2021-02-01,6.02195,18.4,-6.0,50.7,47.600002,2.17,33.948975,77.03999,36693.855
MARNE LA VALLEE,2021-03-01,6.9819894,23.25,-3.05,47.6,47.1,0.35,39.363655,79.92,42943.305
MARNE LA VALLEE,2021-04-01,8.141042,22.75,-2.95,36.399998,35.899998,0.35000002,26.61323,52.92,49452.6
MARNE LA VALLEE,2021-05-01,11.921169,26.0,2.55,95.4,95.4,0.0,36.147297,68.03999,55078.914
MARNE LA VALLEE,2021-06-01,18.820765,30.95,8.95,78.299995,78.299995,0.0,29.871325,57.6,57997.926
MARNE LA VALLEE,2021-07-01,18.62762,28.4,11.85,98.9,98.9,0.0,35.936943,69.12,56513.348
MARNE LA VALLEE,2021-08-01,17.954771,29.4,10.85,30.499998,30.499998,0.0,28.79325,63.72,51528.61
MARNE LA VALLEE,2021-09-01,17.427708,29.45,6.05,75.7,75.7,0.0,24.923338,53.28,45274.55
MARNE LA VALLEE,2021-10-01,11.698522,21.7,2.55,74.200005,74.200005,0.0,46.529217,89.27999,38806.37
MARNE LA VALLEE,2021-11-01,5.875972,12.6,-1.95,30.3,30.2,0.07,29.871325,55.8,33037.062
MARNE LA VALLEE,2021-12-01,5.944355,14.45,-3.55,98.299995,96.6,1.19,32.43398,64.439995,29967.45
MARNE LA VALLEE,2022-01-01,3.7536962,13.35,-3.75,54.799995,53.499996,0.90999997,39.55743,77.4,31620.604
MARNE LA VALLEE,2022-02-01,6.5732145,13.9,-2.6,35.8,35.8,0.0,44.628384,81.36,36646.504
MARNE LA VALLEE,2022-03-01,8.4513445,20.25,-1.9,34.9,34.9,0.0,26.081993,48.96,42888.113
MARNE LA VALLEE,2022-04-01,10.246944,20.6,-1.4,50.7,45.5,3.6399999,38.546906,74.159996,49405.16
MARNE LA VALLEE,2022-05-01,15.899731,27.8,4.7,39.899998,39.899998,0.0,29.522196,54.0,55041.04
MARNE LA VALLEE,2022-06-01,18.573751,34.85,7.6,81.1,81.1,0.0,28.112288,52.56,57992.523
MARNE LA VALLEE,2022-07-01,21.224798,38.9,10.0,41.6,41.6,0.0,25.14852,51.839996,56541.727
MARNE LA VALLEE,2022-08-01,21.803091,34.0,12.25,51.0,51.0,0.0,23.166216,46.8,51572.887
MARNE LA VALLEE,2022-09-01,15.715347,28.2,5.0,95.5,95.5,0.0,32.112724,59.76,45325.883
MARNE LA VALLEE,2022-10-01,15.066532,23.55,5.25,76.600006,76.600006,0.0,31.205997,58.32,38855.402
MARNE LA VALLEE,2022-11-01,9.147917,16.7,3.1,73.2,73.2,0.0,37.427883,75.6,33076.27
MARNE LA VALLEE,2022-12-01,4.4811826,15.75,-6.15,94.200005,88.9,3.71,37.34295,70.56,29972.521
MARNE LA VALLEE,2023-01-01,5.3584003,15.1,-3.7,79.4,76.100006,2.3100002,38.546906,75.96,31591.088
MARNE LA VALLEE,2023-02-01,5.300372,14.25,-4.75,5.8,5.8,0.0,31.991425,63.0,36596.96
MARNE LA VALLEE,2023-03-01,8.148186,19.05,-2.6,109.899994,108.0,1.33,40.813583,80.28,42834.984
MARNE LA VALLEE,2023-04-01,9.249236,20.1,-0.7,86.799995,86.5,0.21000001,41.08576,79.2,49354.625
MARNE LA VALLEE,2023-05-01,14.034072,24.8,5.35,68.5,68.5,0.0,27.943514,53.639996,55003.996
MARNE LA VALLEE,2023-06-01,20.260834,30.35,9.45,49.4,49.4,0.0,24.442913,45.719997,57986.797
MARNE LA VALLEE,2023-07-01,19.789516,31.4,10.9,79.299995,79.299995,0.0,30.811037,57.6,56568.246
MARNE LA VALLEE,2023-08-01,19.150806,30.2,9.8,129.40001,129.40001,0.0,42.635307,81.72,51621.35
MARNE LA VALLEE,2023-09-01,19.508265,33.2,8.15,84.200005,84.200005,0.0,28.019936,55.079998,45375.6
MARNE LA VALLEE,2023-10-01,14.130511,26.15,3.9,107.7,107.7,0.0,40.732533,74.520004,38908.07
MARNE LA VALLEE,2023-11-01,8.376945,16.35,-0.65,107.5,107.5,0.0,48.770367,93.24,33112.26
MARNE LA VALLEE,2023-12-01,6.9264784,13.5,-3.5,76.5,74.7,1.26,36.247547,72.36,29980.34
MARNE LA VALLEE,2024-01-01,3.7528226,12.9,-6.15,75.4,70.700005,3.2900002,41.643456,77.4,31562.924
MARNE LA VALLEE,2024-02-01,8.355675,16.7,-0.7,100.5,99.9,0.42000002,45.81486,88.2,36649.44
MARNE LA VALLEE,2024-03-01,8.78172,19.05,-0.45,128.4,127.700005,0.49,41.542187,75.6,43002.43
MARNE LA VALLEE,2024-04-01,10.743333,24.25,1.15,95.9,95.8,0.07,38.966568,77.03999,49508.383
MARNE LA VALLEE,2024-05-01,14.191263,24.45,6.45,115.7,115.7,0.0,24.363249,47.16,55122.18
MARNE LA VALLEE,2024-06-01,16.233541,29.15,5.75,94.399994,94.399994,0.0,30.551254,58.679996,58006.27
MARNE LA VALLEE,2024-07-01,19.623857,33.1,9.25,66.4,66.4,0.0,26.87491,51.48,56479.793
MARNE LA VALLEE,2024-08-01,20.424059,35.8,10.7,95.3,95.3,0.0,29.810522,59.399998,51477.027
MARNE LA VALLEE,2024-09-01,15.456458,27.55,4.95,114.0,114.0,0.0,33.31216,66.24,45213.688
MARNE LA VALLEE,2024-10-01,13.290725,24.0,5.05,106.100006,106.100006,0.0,28.883131,52.199997,38751.31
MARNE LA VALLEE,2024-11-01,7.860764,17.6,-3.35,64.8,56.9,5.5300007,29.737068,59.039997,32990.08
MARNE LA VALLEE,2024-12-01,5.4374332,13.1,-2.1,57.899998,56.1,1.2600001,32.926224,66.24,29960.064
MARNE LA VALLEE,2025-01-01,3.6954975,12.7,-4.65,140.90001,135.9,3.5,34.487267,73.799995,31656.934
MARNE LA VALLEE,2025-02-01,4.5634675,16.15,-2.95,44.600002,44.600002,0.0,25.63847,51.839996,36699.51
MARNE LA VALLEE,2025-03-01,8.0219755,19.2,-1.15,25.0,22.5,1.75,24.26998,54.719997,42949.45
MARNE LA VALLEE,2025-04-01,12.710694,28.0,2.95,42.5,42.5,0.0,28.11056,61.56,49458.79
MARNE LA VALLEE,2025-05-01,15.35,28.95,6.25,39.9,39.9,0.0,24.337303,50.76,55084.516
MARNE LA VALLEE,2025-06-01,20.76639,35.3,9.3,77.200005,77.200005,0.0,25.891233,59.399998,57999.375
MARNE LA VALLEE,2025-07-01,19.917273,37.95,10.0,152.5,152.5,0.0,25.875586,54.0,56509.336
MARNE LA VALLEE,2025-08-01,20.18078,34.65,10.95,23.8,23.8,0.0,24.380533,48.6,51520.74
MARNE LA VALLEE,2025-09-01,15.425694,29.7,7.3,61.7,61.7,0.0,31.648281,68.03999,45265.508
MARNE LA VALLEE,2025-10-01,12.096842,18.45,5.95,55.800003,55.800003,0.0,35.008957,73.799995,38797.863
MARNE LA VALLEE,2025-11-01,8.295278,18.35,-2.85,75.3,65.5,6.8599997,25.264202,49.68,33030.586
MARNE LA VALLEE,2025-12-01,6.348253,15.45,-4.3,35.600002,35.600002,0.0,27.958004,54.719997,29965.77
MARSEILLE ST CHARLES,2018-01-01,10.662971,16.45,3.95,86.2,86.2,0.0,45.15525,86.03999,33843.35
MARSEILLE ST CHARLES,2018-02-01,6.0361605,14.0,-1.6,54.9,52.5,1.6800001,51.60195,96.12,37884.97
MARSEILLE ST CHARLES,2018-03-01,10.028764,16.0,2.45,79.6,77.5,1.47,50.37042,94.32,42989.14
MARSEILLE ST CHARLES,2018-04-01,14.658819,22.25,6.3,107.4,107.4,0.0,42.626186,79.2,48323.152
MARSEILLE ST CHARLES,2018-05-01,16.996841,25.55,8.25,72.4,72.4,0.0,46.081406,86.399994,52869.31
MARSEILLE ST CHARLES,2018-06-01,21.178263,27.65,16.05,36.9,36.9,0.0,39.02639,74.88,55201.34
MARSEILLE ST CHARLES,2018-07-01,24.360012,30.45,18.05,10.7,10.7,0.0,35.670895,68.03999,54066.684
MARSEILLE ST CHARLES,2018-08-01,24.79254,34.35,15.6,59.3,59.3,0.0,40.813583,75.96,50095.516
MARSEILLE ST CHARLES,2018-09-01,21.582571,28.7,15.15,0.90000004,0.90000004,0.0,44.53536,84.6,45000.4
MARSEILLE ST CHARLES,2018-10-01,17.218279,23.8,6.85,208.0,208.0,0.0,54.119865,107.27999,39696.113
MARSEILLE ST CHARLES,2018-11-01,13.453334,19.1,6.1,176.2,176.2,0.0,50.753616,94.67999,35011.59
MARSEILLE ST CHARLES,2018-12-01,9.9142475,16.9,0.85,41.1,41.1,0.0,45.311398,85.67999,32540.771
MARSEILLE ST CHARLES,2019-01-01,6.2252016,13.2,0.65,11.6,11.6,0.0,51.625805,97.92,33819.523
MARSEILLE ST CHARLES,2019-02-01,8.896056,19.2,2.25,14.099999,14.099999,0.0,50.831436,96.12,37846.2
MARSEILLE ST CHARLES,2019-03-01,11.514919,18.9,4.5,1.8,1.8,0.0,48.171444,88.92,42946.098
MARSEILLE ST CHARLES,2019-04-01,13.029584,23.35,4.3,65.5,65.5,0.0,42.1323,79.92,48284.145
MARSEILLE ST CHARLES,2019-05-01,15.346841,23.55,6.35,24.6,24.6,0.0,59.39454,111.24,52839.965
MARSEILLE ST CHARLES,2019-06-01,21.33014,32.95,11.75,7.0,7.0,0.0,45.5624,84.6,55197.402
MARSEILLE ST CHARLES,2019-07-01,24.84953,31.7,17.95,5.1,5.1,0.0,43.81068,83.520004,54087.734
MARSEILLE ST CHARLES,2019-08-01,24.214046,31.05,17.8,1.7,1.7,0.0,39.363655,74.520004,50134.168
MARSEILLE ST CHARLES,2019-09-01,21.076529,30.5,13.7,103.100006,103.100006,0.0,43.933273,84.6,45041.82
MARSEILLE ST CHARLES,2019-10-01,17.742271,23.8,11.1,171.1,171.1,0.0,50.12281,93.6,39739.15
MARSEILLE ST CHARLES,2019-11-01,11.503542,18.85,3.75,177.5,177.5,0.0,49.91683,91.439995,35041.57
MARSEILLE ST CHARLES,2019-12-01,11.229704,17.25,4.4,76.399994,76.399994,0.0,49.760803,93.96,32546.191
MARSEILLE ST CHARLES,2020-01-01,9.9916,15.25,3.85,24.6,24.6,0.0,38.268524,70.92,33796.32
MARSEILLE ST CHARLES,2020-02-01,10.889584,18.3,4.6,13.5,13.5,0.0,46.400913,89.64,37888.06
MARSEILLE ST CHARLES,2020-03-01,10.9165325,17.45,4.15,20.899998,20.899998,0.0,46.889915,86.76,43082.58
MARSEILLE ST CHARLES,2020-04-01,13.845694,19.15,6.05,72.9,72.9,0.0,31.67386,60.479996,48409.574
MARSEILLE ST CHARLES,2020-05-01,18.035416,24.65,11.6,71.0,71.0,0.0,43.279427,81.72,52934.19
MARSEILLE ST CHARLES,2020-06-01,20.19882,29.3,13.9,52.200005,52.200005,0.0,45.32284,83.159996,55213.492
MARSEILLE ST CHARLES,2020-07-01,23.828293,31.0,17.7,0.7,0.7,0.0,45.94057,84.24,54017.992
MARSEILLE ST CHARLES,2020-08-01,24.171371,31.9,16.5,20.5,20.5,0.0,43.237484,82.079994,50017.77
MARSEILLE ST CHARLES,2020-09-01,20.583403,28.35,10.4,61.600002,61.600002,0.0,45.63062,88.2,44908.434
MARSEILLE ST CHARLES,2020-10-01,14.990793,21.4,8.15,39.0,39.0,0.0,51.05658,98.64,39610.9
MARSEILLE ST CHARLES,2020-11-01,13.588959,19.25,5.15,19.099998,19.099998,0.0,50.12281,92.52,34942.523
MARSEILLE ST CHARLES,2020-12-01,9.082863,15.35,0.7,58.899998,58.899998,0.0,53.441513,100.799995,32529.857
MARSEILLE ST CHARLES,2021-01-01,7.388105,15.15,0.2,71.3,71.2,0.07,48.22522,93.96,33870.973
MARSEILLE ST CHARLES,2021-02-01,10.767114,16.25,3.4,49.7,49.7,0.0,42.402134,78.84,37927.562
MARSEILLE ST CHARLES,2021-03-01,10.542607,17.05,3.75,9.299999,9.299999,0.0,48.850025,92.159996,43039.14
MARSEILLE ST CHARLES,2021-04-01,12.245902,20.7,2.5,72.0,72.0,0.0,51.82625,97.92,48368.93
MARSEILLE ST CHARLES,2021-05-01,15.450873,22.25,7.95,78.1,78.1,0.0,44.33996,83.520004,52904.918
MARSEILLE ST CHARLES,2021-06-01,22.163403,30.55,14.25,4.8,4.8,0.0,39.79262,77.4,55208.293
MARSEILLE ST CHARLES,2021-07-01,23.333872,31.05,16.2,9.400002,9.400002,0.0,37.290855,70.56,54042.152
MARSEILLE ST CHARLES,2021-08-01,22.759342,30.0,15.95,12.1,12.1,0.0,47.521362,88.2,50054.19
MARSEILLE ST CHARLES,2021-09-01,21.077915,27.55,13.9,100.9,100.9,0.0,40.321606,77.4,44952.15
MARSEILLE ST CHARLES,2021-10-01,16.184677,23.6,10.25,116.600006,116.600006,0.0,48.02999,91.079994,39649.758
MARSEILLE ST CHARLES,2021-11-01,11.605556,19.4,2.65,102.4,102.4,0.0,44.740047,83.159996,34975.152
MARSEILLE ST CHARLES,2021-12-01,9.034946,19.05,0.15,48.899998,48.199997,0.48999998,47.83667,87.12,32534.424
MARSEILLE ST CHARLES,2022-01-01,6.9994626,13.9,1.2,0.8,0.8,0.0,52.43286,96.479996,33844.094
MARSEILLE ST CHARLES,2022-02-01,9.754167,18.6,2.75,24.6,24.6,0.0,52.48844,94.67999,37889.074
MARSEILLE ST CHARLES,2022-03-01,10.934946,19.45,2.45,27.8,27.8,0.0,43.86242,81.0,42993.848
MARSEILLE ST CHARLES,2022-04-01,12.774305,23.75,2.6,23.800001,23.800001,0.0,56.6208,103.67999,48330.293
MARSEILLE ST CHARLES,2022-05-01,18.585619,29.55,10.25,22.4,22.4,0.0,36.204617,66.24,52874.766
MARSEILLE ST CHARLES,2022-06-01,23.317083,31.65,15.35,17.3,17.3,0.0,47.526817,87.84,55204.074
MARSEILLE ST CHARLES,2022-07-01,25.374193,33.35,17.15,0.0,0.0,0.0,35.14935,61.56,54064.547
MARSEILLE ST CHARLES,2022-08-01,25.053965,33.35,17.45,36.6,36.6,0.0,42.56229,78.84,50090.01
MARSEILLE ST CHARLES,2022-09-01,20.866667,29.05,12.5,47.499996,47.499996,0.0,43.797367,80.64,44994.25
MARSEILLE ST CHARLES,2022-10-01,18.882864,24.45,11.8,14.6,14.6,0.0,32.86861,61.56,39689.816
MARSEILLE ST CHARLES,2022-11-01,13.526806,21.55,4.7,96.4,96.4,0.0,42.732468,78.84,35006.574
MARSEILLE ST CHARLES,2022-12-01,10.569758,17.4,0.65,109.0,109.0,0.0,40.60985,74.520004,32538.424
MARSEILLE ST CHARLES,2023-01-01,8.126345,15.7,0.4,15.799999,15.599999,0.14,47.015507,86.03999,33820.605
MARSEILLE ST CHARLES,2023-02-01,7.943601,16.6,0.6,33.899998,30.9,2.1,36.388504,68.4,37848.824
MARSEILLE ST CHARLES,2023-03-01,11.24711,18.4,2.55,7.2,7.2,0.0,43.736664,81.0,42950.25
MARSEILLE ST CHARLES,2023-04-01,13.426389,20.15,5.15,20.1,20.1,0.0,45.32284,85.32,48289.133
MARSEILLE ST CHARLES,2023-05-01,17.433334,25.65,10.75,68.0,68.0,0.0,42.91405,79.56,52845.26
MARSEILLE ST CHARLES,2023-06-01,22.510279,33.45,15.2,31.499998,31.499998,0.0,39.82843,75.96,55199.6
MARSEILLE ST CHARLES,2023-07-01,25.274597,34.4,17.9,5.9999995,5.9999995,0.0,43.35572,84.24,54085.477
MARSEILLE ST CHARLES,2023-08-01,23.64449,34.1,15.35,42.199997,42.199997,0.0,53.42696,97.2,50129.215
MARSEILLE ST CHARLES,2023-09-01,21.70139,29.85,12.7,46.4,46.4,0.0,40.732533,78.12,45035.023
MARSEILLE ST CHARLES,2023-10-01,18.613104,25.5,10.25,61.400005,61.400005,0.0,44.66322,86.76,39732.84
MARSEILLE ST CHARLES,2023-11-01,11.882709,20.65,1.4,40.2,40.2,0.0,48.75442,90.72,35035.43
MARSEILLE ST CHARLES,2023-12-01,9.573588,16.95,-0.45,58.1,58.1,0.0,47.798725,88.2,32544.588
MARSEILLE ST CHARLES,2024-01-01,8.7915325,17.4,0.05,42.000004,42.000004,0.0,48.888477,90.72,33798.2
MARSEILLE ST CHARLES,2024-02-01,10.697917,17.3,2.75,79.700005,77.8,1.3299999,41.0621,72.0,37891.71
MARSEILLE ST CHARLES,2024-03-01,11.830241,20.1,1.85,150.8,150.8,0.0,49.38434,90.72,43087.66
MARSEILLE ST CHARLES,2024-04-01,14.005903,25.15,4.85,34.600002,34.600002,0.0,53.425747,99.36,48414.36
MARSEILLE ST CHARLES,2024-05-01,16.685013,25.6,8.75,52.100002,52.100002,0.0,43.466175,83.88,52939.35
MARSEILLE ST CHARLES,2024-06-01,20.708403,29.8,13.1,43.600002,43.600002,0.0,41.022625,78.84,55214.812
MARSEILLE ST CHARLES,2024-07-01,24.332863,32.45,17.9,7.1,7.1,0.0,42.518116,81.72,54015.66
MARSEILLE ST CHARLES,2024-08-01,25.28125,33.75,16.15,20.300001,20.300001,0.0,40.995766,73.799995,50012.45
MARSEILLE ST CHARLES,2024-09-01,19.53236,30.25,10.0,84.600006,84.600006,0.0,51.716103,98.27999,44902.23
MARSEILLE ST CHARLES,2024-10-01,17.739786,25.5,9.65,73.700005,73.700005,0.0,41.33107,76.67999,39604.773
MARSEILLE ST CHARLES,2024-11-01,12.962708,21.8,2.85,58.1,58.1,0.0,39.074924,81.72,34937.504
MARSEILLE ST CHARLES,2024-12-01,8.521304,15.35,1.6,13.6,13.6,0.0,47.774654,102.96,32528.605
MARSEILLE ST CHARLES,2025-01-01,9.337298,15.7,-0.1,66.600006,66.600006,0.0,33.37192,70.56,33873.01
MARSEILLE ST CHARLES,2025-02-01,9.959672,14.9,2.75,63.3,63.3,0.0,41.76194,92.159996,37932.16
MARSEILLE ST CHARLES,2025-03-01,11.311089,20.0,2.95,119.799995,119.799995,0.0,43.95023,91.799995,43044.18
MARSEILLE ST CHARLES,2025-04-01,14.884375,22.95,7.3,56.000004,56.000004,0.0,50.10341,107.64,48373.973
MARSEILLE ST CHARLES,2025-05-01,18.388777,29.55,10.75,30.3,30.3,0.0,41.436764,92.52,52909.375
MARSEILLE ST CHARLES,2025-06-01,24.500208,35.25,16.25,5.0000005,5.0000005,0.0,33.270313,70.56,55209.426
MARSEILLE ST CHARLES,2025-07-01,24.934341,36.85,16.85,32.2,32.2,0.0,40.368584,91.439995,54038.984
MARSEILLE ST CHARLES,2025-08-01,24.907795,35.75,17.1,25.400002,25.400002,0.0,29.758307,69.479996,50047.82
MARSEILLE ST CHARLES,2025-09-01,19.447084,26.35,11.6,83.0,83.0,0.0,30.822075,67.32,44944.734
MARSEILLE ST CHARLES,2025-10-01,16.449394,23.3,10.15,90.49999,90.49999,0.0,36.504074,88.56,39642.805
MARSEILLE ST CHARLES,2025-11-01,11.336805,19.2,0.05,74.700005,74.3,0.28,42.49296,95.76,34969.96
MARSEILLE ST CHARLES,2025-12-01,10.730376,15.85,0.65,120.299995,120.299995,0.0,35.09769,72.0,32533.1
METZ,2018-01-01,5.7326612,12.35,-1.05,193.1,184.4,6.09,47.607193,120.6,31525.201
METZ,2018-02-01,-0.3221726,8.3,-9.55,29.099998,20.1,6.3,30.811037,65.159996,36589.293
METZ,2018-03-01,4.369691,13.85,-6.2,73.6,63.5,7.0699997,32.078403,72.72,42878.023
METZ,2018-04-01,12.395278,25.15,1.6,46.3,46.3,0.0,39.047966,81.0,49441.6
METZ,2018-05-01,15.786156,26.05,4.25,73.2,73.2,0.0,24.20314,49.32,55126.46
METZ,2018-06-01,18.457499,30.3,7.85,75.100006,75.100006,0.0,24.344624,50.76,58109.1
METZ,2018-07-01,22.347582,33.55,12.9,23.600002,23.600002,0.0,23.871555,50.399998,56650.555
METZ,2018-08-01,20.824932,33.95,7.4,44.2,44.2,0.0,31.079071,63.36,51642.406
METZ,2018-09-01,16.273333,28.05,3.9,33.0,33.0,0.0,44.86299,104.76,45347.434
METZ,2018-10-01,12.244824,24.85,2.05,15.000001,14.5,0.35,36.376038,70.56,38828.305
METZ,2018-11-01,6.7378473,18.8,-2.55,54.7,54.6,0.07,28.467329,65.159996,33000.93
METZ,2018-12-01,4.4883065,12.85,-4.75,124.5,117.0,5.25,45.996956,92.88,29865.918
METZ,2019-01-01,1.5107527,8.55,-6.95,60.8,41.800003,13.37,32.10667,69.12,31494.994
METZ,2019-02-01,4.716369,16.8,-4.25,27.1,25.100002,1.4,37.56613,80.28,36541.195
METZ,2019-03-01,7.408938,18.05,-2.55,83.3,82.5,0.56,51.443485,100.799995,42825.176
METZ,2019-04-01,9.490417,22.2,-2.15,68.5,68.5,0.0,26.368616,67.67999,49393.332
METZ,2019-05-01,11.732796,22.15,0.9,80.299995,80.299995,0.0,33.696075,66.24,55089.28
METZ,2019-06-01,20.067638,34.8,8.0,42.500004,42.500004,0.0,35.870163,70.92,58104.01
METZ,2019-07-01,21.15793,38.55,10.5,23.3,23.3,0.0,27.553526,61.199997,56677.484
METZ,2019-08-01,20.580914,32.4,11.55,51.8,51.8,0.0,29.74306,63.36,51690.586
METZ,2019-09-01,15.841249,26.75,6.85,46.899998,46.899998,0.0,37.038036,83.520004,45398.316
METZ,2019-10-01,12.451209,23.6,2.45,113.2,113.2,0.0,29.131096,75.6,38881.395
METZ,2019-11-01,5.7574306,14.8,-2.8,94.9,91.6,2.31,32.76791,68.03999,33038.64
METZ,2019-12-01,4.8155913,14.95,-4.25,113.0,110.299995,1.89,43.986343,88.56,29872.852
METZ,2020-01-01,4.034274,12.35,-4.85,49.300003,47.2,1.47,36.88551,84.96,31465.566
METZ,2020-02-01,6.471121,16.0,-2.5,169.40001,159.40001,7.0000005,53.699158,122.04,36592.805
METZ,2020-03-01,6.52957,17.0,-1.8,74.200005,73.9,0.21000001,43.565945,84.24,42992.74
METZ,2020-04-01,12.468055,22.15,-2.15,16.2,16.2,0.0,29.827904,60.839996,49548.547
METZ,2020-05-01,13.768414,25.0,1.9,50.9,50.9,0.0,33.96233,64.439995,55208.695
METZ,2020-06-01,17.149584,27.75,7.75,97.3,97.3,0.0,31.826931,67.32,58124.81
METZ,2020-07-01,19.721573,35.0,9.85,11.400001,11.400001,0.0,28.657898,57.6,56588.293
METZ,2020-08-01,22.01418,34.95,10.95,24.399998,24.399998,0.0,33.790176,70.2,51545.535
METZ,2020-09-01,17.264376,32.15,6.1,69.0,69.0,0.0,37.801712,75.96,45234.457
METZ,2020-10-01,11.016196,20.75,4.2,108.4,108.4,0.0,33.70377,66.6,38723.2
METZ,2020-11-01,7.228056,19.7,-5.05,21.5,21.5,0.0,31.565245,74.520004,32914.0
METZ,2020-12-01,4.506989,13.3,-2.1,103.100006,96.200005,4.8300004,39.828434,78.84,29851.932
METZ,2021-01-01,1.8630377,12.0,-11.7,131.1,94.700005,25.48,38.49476,77.76,31560.209
METZ,2021-02-01,5.0338545,17.5,-7.65,60.6,55.8,3.3600006,36.080906,76.32,36642.117
METZ,2021-03-01,5.6969757,22.35,-3.5,56.3,54.6,1.19,42.941223,93.24,42939.41
METZ,2021-04-01,7.419653,21.65,-2.6,41.600002,40.3,0.91,30.302078,59.76,49498.25
METZ,2021-05-01,11.143279,25.55,1.4,84.1,84.1,0.0,36.658184,71.64,55171.586
METZ,2021-06-01,19.488543,30.9,10.25,91.5,91.5,0.0,27.558228,54.719997,58118.09
METZ,2021-07-01,18.126278,26.55,10.75,158.7,158.7,0.0,27.666182,67.32,56619.19
METZ,2021-08-01,17.25746,28.3,10.55,60.9,60.9,0.0,29.462873,57.6,51590.91
METZ,2021-09-01,16.416458,26.8,4.9,47.0,47.0,0.0,31.542658,62.279995,45288.16
METZ,2021-10-01,10.667876,20.1,1.65,77.9,77.9,0.0,47.377968,87.84,38771.13
METZ,2021-11-01,4.763125,12.7,-3.4,63.8,61.2,1.8199999,37.107944,70.2,32955.074
METZ,2021-12-01,4.5313168,13.15,-5.3,100.2,87.799995,8.68,36.115017,66.24,29857.783
METZ,2022-01-01,2.5647848,13.1,-4.45,69.9,65.600006,3.01,34.69847,70.56,31526.139
METZ,2022-02-01,5.25067,12.3,-3.05,57.7,56.5,0.84,47.23551,91.439995,36594.383
METZ,2022-03-01,6.64664,19.3,-3.9,29.199999,28.8,0.28,26.758923,51.839996,42883.805
METZ,2022-04-01,9.1321535,20.5,-2.75,58.600002,52.600006,4.2000003,44.966866,90.0,49450.438
METZ,2022-05-01,15.7049055,30.0,4.1,38.7,38.7,0.0,29.204409,70.2,55133.37
METZ,2022-06-01,18.948124,34.05,8.05,81.9,81.9,0.0,32.409996,63.72,58112.637
METZ,2022-07-01,21.076948,36.15,9.0,11.9,11.9,0.0,27.475807,55.44,56647.836
METZ,2022-08-01,22.181181,35.45,12.75,16.8,16.8,0.0,30.121912,56.519997,51635.547
METZ,2022-09-01,14.793819,28.85,2.85,85.3,85.3,0.0,29.07989,59.76,45339.875
METZ,2022-10-01,13.97742,23.1,4.35,67.2,67.2,0.0,32.11071,61.920002,38820.54
METZ,2022-11-01,8.131666,16.85,1.85,95.0,95.0,0.0,31.367552,65.520004,32994.617
METZ,2022-12-01,3.6158602,15.7,-9.25,60.6,56.899998,2.59,38.3176,73.439995,29862.902
METZ,2023-01-01,4.391398,13.6,-4.7,83.9,76.5,5.18,38.351406,74.520004,31496.361
METZ,2023-02-01,4.07128,14.15,-5.6,14.500001,14.1,0.28,30.293522,60.479996,36544.45
METZ,2023-03-01,7.0928764,17.5,-3.0,110.700005,109.200005,1.0500001,43.34974,83.159996,42830.277
METZ,2023-04-01,8.542222,17.5,-2.45,84.200005,84.200005,0.0,31.355152,61.56,49399.504
METZ,2023-05-01,14.424731,25.15,4.95,43.2,43.2,0.0,26.459389,52.199997,55095.996
METZ,2023-06-01,20.987223,30.25,10.5,21.0,21.0,0.0,35.038563,66.6,58106.855
METZ,2023-07-01,19.677755,33.4,10.05,94.8,94.8,0.0,30.555498,58.32,56674.605
METZ,2023-08-01,18.85457,29.55,10.3,157.7,157.7,0.0,35.364388,69.12,51684.41
METZ,2023-09-01,18.420279,31.05,6.5,37.8,37.8,0.0,29.035288,53.639996,45389.973
METZ,2023-10-01,13.127554,26.25,2.55,132.1,132.1,0.0,36.54665,69.84,38873.613
METZ,2023-11-01,6.997569,14.85,-3.65,128.3,125.200005,2.17,37.44692,78.479996,33030.92
METZ,2023-12-01,5.3262095,11.85,-4.3,96.1,94.9,0.84000003,35.397354,67.32,29870.795
METZ,2024-01-01,2.3800404,11.55,-7.9,76.399994,69.1,5.1099997,39.595085,75.24,31467.943
METZ,2024-02-01,7.3308907,15.4,-0.5,102.5,101.0,1.0500001,43.70406,85.32,36597.33
METZ,2024-03-01,8.339516,17.4,-0.7,101.7,100.4,0.91,32.587456,64.079994,42998.98
METZ,2024-04-01,10.051457,22.85,-0.45,75.1,74.5,0.42,39.797504,83.159996,49554.473
METZ,2024-05-01,14.227822,24.3,5.2,135.3,135.3,0.0,25.982424,48.6,55215.24
METZ,2024-06-01,16.67507,28.6,5.7,57.0,57.0,0.0,28.856194,55.079998,58126.52
METZ,2024-07-01,19.041868,30.6,9.55,78.4,78.4,0.0,30.154163,56.519997,56585.324
METZ,2024-08-01,20.38945,32.65,9.75,41.899998,41.899998,0.0,26.564486,63.72,51538.906
METZ,2024-09-01,15.578263,30.05,3.35,99.6,99.6,0.0,35.737137,66.96,45226.832
METZ,2024-10-01,12.382123,21.05,3.45,106.3,106.3,0.0,38.58303,77.4,38715.64
METZ,2024-11-01,6.451667,17.2,-2.65,65.7,59.899998,4.06,34.74746,70.56,32907.684
METZ,2024-12-01,3.3166666,11.95,-3.05,64.1,59.9,2.94,34.98674,72.0,29850.326
METZ,2025-01-01,2.922379,13.3,-4.2,112.0,103.5,5.95,43.147842,91.799995,31562.797
METZ,2025-02-01,3.1986606,15.35,-3.95,39.7,36.3,2.38,23.908173,46.8,36647.816
METZ,2025-03-01,6.809274,18.35,-1.55,22.300001,15.299999,4.9,23.47534,53.639996,42945.6
METZ,2025-04-01,10.973889,24.0,0.9,50.600002,50.600002,0.0,27.978855,60.120003,49504.49
METZ,2025-05-01,14.564785,28.6,4.4,49.9,49.9,0.0,23.431824,56.16,55177.234
METZ,2025-06-01,20.403126,34.1,7.15,67.9,67.9,0.0,27.265692,61.199997,58119.56
METZ,2025-07-01,19.539986,36.55,9.9,75.9,75.9,0.0,25.421455,58.32,56615.137
METZ,2025-08-01,20.152285,35.25,9.3,64.0,64.0,0.0,25.745665,55.079998,51582.977
METZ,2025-09-01,14.937152,26.85,7.2,169.99998,169.99998,0.0,28.575249,65.159996,45279.047
METZ,2025-10-01,10.941332,17.45,3.65,72.100006,72.100006,0.0,36.204617,79.56,38762.55
METZ,2025-11-01,6.600833,18.0,-5.5,42.800003,40.300003,1.75,23.130526,51.12,32948.543
METZ,2025-12-01,4.9149866,13.75,-6.05,30.5,30.5,0.0,31.459347,74.520004,29856.086
MONTPELLIER,2018-01-01,10.051546,18.4,2.25,160.1,160.1,0.0,46.5125,83.159996,33718.66
MONTPELLIER,2018-02-01,4.9153275,14.9,-5.15,96.100006,72.0,16.87,32.361977,59.039997,37814.49
MONTPELLIER,2018-03-01,9.961895,18.45,0.25,156.4,150.2,4.3399997,43.9436,78.84,42982.918
MONTPELLIER,2018-04-01,14.410348,26.15,4.8,140.40001,140.40001,0.0,35.016357,68.4,48383.715
MONTPELLIER,2018-05-01,17.214651,25.2,7.85,129.7,129.7,0.0,32.305862,59.76,52990.32
MONTPELLIER,2018-06-01,21.85111,30.8,13.9,49.300003,49.300003,0.0,28.394392,52.92,55355.824
MONTPELLIER,2018-07-01,25.96156,34.05,16.85,7.8,7.8,0.0,31.820824,60.839996,54204.613
MONTPELLIER,2018-08-01,25.00457,36.25,13.4,104.09999,104.09999,0.0,28.856194,55.079998,50179.047
MONTPELLIER,2018-09-01,21.496876,33.7,11.35,16.600002,16.600002,0.0,27.820337,51.48,45019.145
MONTPELLIER,2018-10-01,16.278294,25.6,4.4,191.70001,191.70001,0.0,43.322823,76.67999,39648.74
MONTPELLIER,2018-11-01,11.914097,18.8,2.9,209.6,209.6,0.0,38.96324,72.72,34903.027
MONTPELLIER,2018-12-01,8.522715,18.55,-0.85,25.599998,25.599998,0.0,33.31508,59.039997,32397.586
MONTPELLIER,2019-01-01,5.7299056,14.05,-2.35,20.4,20.1,0.21000001,39.04631,73.439995,33694.5
MONTPELLIER,2019-02-01,8.329614,21.65,0.45,36.9,36.9,0.0,35.58905,66.6,37775.215
MONTPELLIER,2019-03-01,11.671639,24.95,1.05,6.6000004,6.6000004,0.0,39.202,72.72,42939.344
MONTPELLIER,2019-04-01,12.805764,22.95,3.4,78.200005,78.200005,0.0,43.631348,79.56,48344.207
MONTPELLIER,2019-05-01,16.914448,28.3,6.9,33.200005,33.200005,0.0,39.172234,73.439995,52960.566
MONTPELLIER,2019-06-01,21.730278,41.65,10.8,29.8,29.8,0.0,31.883888,60.479996,55351.83
MONTPELLIER,2019-07-01,26.351812,35.15,16.85,11.800001,11.800001,0.0,30.811037,60.479996,54225.97
MONTPELLIER,2019-08-01,25.243147,35.8,17.3,17.9,17.9,0.0,27.871534,52.92,50218.215
MONTPELLIER,2019-09-01,21.43764,32.65,11.6,76.50001,76.50001,0.0,32.2396,59.399998,45061.08
MONTPELLIER,2019-10-01,17.062767,24.75,8.15,151.50002,151.50002,0.0,36.23682,73.079994,39692.32
MONTPELLIER,2019-11-01,10.160139,19.5,2.0,102.6,102.6,0.0,46.751514,83.159996,34933.414
MONTPELLIER,2019-12-01,9.912567,17.9,0.35,53.800003,53.800003,0.0,46.175526,86.03999,32403.082
MONTPELLIER,2020-01-01,8.35,18.85,-0.75,87.799995,87.6,0.14,34.726475,61.920002,33670.973
MONTPELLIER,2020-02-01,10.660489,21.2,2.8,17.4,17.4,0.0,36.304707,66.96,37817.61
MONTPELLIER,2020-03-01,10.931049,22.6,2.4,20.5,20.4,0.07,33.481937,75.24,43077.516
MONTPELLIER,2020-04-01,13.87125,23.75,4.95,109.2,109.2,0.0,31.311722,62.639996,48471.246
MONTPELLIER,2020-05-01,18.806385,29.05,10.9,78.8,78.8,0.0,36.452553,66.6,53056.1
MONTPELLIER,2020-06-01,21.111944,31.15,13.25,69.399994,69.399994,0.0,37.372437,70.2,55368.152
MONTPELLIER,2020-07-01,25.709677,34.9,17.85,2.9,2.9,0.0,31.682043,60.479996,54155.223
MONTPELLIER,2020-08-01,24.566666,38.35,14.3,52.4,52.4,0.0,33.108257,63.0,50100.285
MONTPELLIER,2020-09-01,20.40118,32.0,8.65,88.799995,88.799995,0.0,34.51685,70.92,44926.04
MONTPELLIER,2020-10-01,14.392877,22.75,6.1,54.8,54.8,0.0,34.275703,61.56,39562.45
MONTPELLIER,2020-11-01,12.122778,19.8,0.95,92.2,92.2,0.0,34.01762,62.279995,34833.016
MONTPELLIER,2020-12-01,7.610887,14.6,-1.7,103.6,103.6,0.0,29.871325,54.36,32386.512
MONTPELLIER,2021-01-01,6.187097,17.55,-3.5,31.900002,29.9,1.4000001,38.48129,68.03999,33746.668
MONTPELLIER,2021-02-01,9.993453,18.35,0.6,78.200005,78.200005,0.0,40.77069,72.0,37857.63
MONTPELLIER,2021-03-01,10.285551,20.65,2.55,13.4,13.4,0.0,37.998337,72.0,43033.54
MONTPELLIER,2021-04-01,12.436805,22.6,3.15,47.000004,47.000004,0.0,30.631746,56.16,48430.082
MONTPELLIER,2021-05-01,16.155174,27.6,6.1,95.5,95.5,0.0,41.587402,74.159996,53026.418
MONTPELLIER,2021-06-01,23.302084,35.5,14.35,24.9,24.9,0.0,26.081993,53.28,55362.88
MONTPELLIER,2021-07-01,24.511625,34.85,15.2,38.2,38.2,0.0,32.343952,61.56,54179.73
MONTPELLIER,2021-08-01,23.82359,35.4,15.65,40.0,40.0,0.0,35.221176,64.439995,50137.18
MONTPELLIER,2021-09-01,20.753263,29.05,12.95,96.9,96.9,0.0,29.62518,55.44,44970.297
MONTPELLIER,2021-10-01,15.301815,22.9,7.9,133.4,133.4,0.0,39.523014,70.2,39601.797
MONTPELLIER,2021-11-01,9.810486,18.7,-0.85,124.1,124.1,0.0,33.481934,59.76,34866.09
MONTPELLIER,2021-12-01,7.884543,20.2,-0.55,31.2,30.7,0.35,33.27031,60.479996,32391.145
MONTPELLIER,2022-01-01,5.6511426,16.35,-4.1,3.0,3.0,0.0,38.580513,66.96,33719.414
MONTPELLIER,2022-02-01,10.078051,19.2,0.3,14.0,14.0,0.0,41.123596,80.28,37818.645
MONTPELLIER,2022-03-01,10.47379,20.3,0.7,108.1,108.1,0.0,46.874706,87.479996,42987.684
MONTPELLIER,2022-04-01,13.933125,27.75,0.55,26.1,26.1,0.0,37.731365,72.36,48390.945
MONTPELLIER,2022-05-01,19.952555,31.75,8.95,5.7000003,5.7000003,0.0,30.413074,55.079998,52995.848
MONTPELLIER,2022-06-01,24.345972,37.95,14.8,54.199997,54.199997,0.0,32.909985,71.64,55358.6
MONTPELLIER,2022-07-01,27.635752,37.85,17.45,1.4000001,1.4000001,0.0,27.757376,53.28,54202.453
MONTPELLIER,2022-08-01,26.18918,37.75,17.95,30.900002,30.900002,0.0,26.250393,47.16,50173.477
MONTPELLIER,2022-09-01,20.368473,31.1,11.85,204.3,204.3,0.0,37.56786,68.03999,45012.918
MONTPELLIER,2022-10-01,18.666197,28.1,10.5,56.4,56.4,0.0,31.104082,54.719997,39642.36
MONTPELLIER,2022-11-01,12.505626,22.7,3.6,120.100006,120.100006,0.0,30.21642,54.0,34897.94
MONTPELLIER,2022-12-01,8.540591,19.5,-3.65,99.399994,98.0,0.98,26.178707,50.039997,32395.201
MONTPELLIER,2023-01-01,7.0785623,17.8,-3.2,65.7,64.7,0.7,34.247337,60.479996,33695.598
MONTPELLIER,2023-02-01,6.835565,18.3,-3.5,40.2,38.7,1.05,32.399998,58.32,37777.875
MONTPELLIER,2023-03-01,11.1482525,20.75,-1.4,23.8,23.8,0.0,40.83739,71.64,42943.547
MONTPELLIER,2023-04-01,14.309306,25.1,3.55,34.2,34.2,0.0,38.23803,69.479996,48349.26
MONTPELLIER,2023-05-01,18.063105,28.0,10.8,71.6,71.6,0.0,33.532215,60.120003,52965.934
MONTPELLIER,2023-06-01,23.444792,36.0,15.05,65.700005,65.700005,0.0,28.876396,51.839996,55354.06
MONTPELLIER,2023-07-01,25.813643,36.65,17.2,8.7,8.7,0.0,31.973186,59.399998,54223.676
MONTPELLIER,2023-08-01,24.756855,40.55,14.9,30.900003,30.900003,0.0,34.75445,62.639996,50213.195
MONTPELLIER,2023-09-01,21.137152,30.6,11.6,72.899994,72.899994,0.0,27.07669,50.039997,45054.203
MONTPELLIER,2023-10-01,18.117338,28.15,8.25,118.0,118.0,0.0,41.859188,75.96,39685.926
MONTPELLIER,2023-11-01,11.373125,23.1,0.75,38.9,38.9,0.0,38.059677,66.96,34927.19
MONTPELLIER,2023-12-01,8.522447,19.3,-4.15,31.7,31.7,0.0,34.942265,62.639996,32401.457
MONTPELLIER,2024-01-01,7.776546,21.0,-3.2,59.6,59.6,0.0,36.783474,66.6,33672.88
MONTPELLIER,2024-02-01,10.297414,20.25,2.2,37.9,37.9,0.0,30.7542,57.239998,37821.3
MONTPELLIER,2024-03-01,11.984275,23.9,3.45,146.3,146.3,0.0,47.23551,83.159996,43082.664
MONTPELLIER,2024-04-01,13.8272915,28.6,4.55,79.9,79.9,0.0,40.729347,76.67999,48476.086
MONTPELLIER,2024-05-01,16.713442,25.85,7.1,135.6,135.6,0.0,30.05515,53.28,53061.336
MONTPELLIER,2024-06-01,21.153818,30.5,12.6,59.6,59.6,0.0,30.45566,54.0,55369.496
MONTPELLIER,2024-07-01,25.030107,35.75,15.9,35.5,35.5,0.0,33.565056,60.839996,54152.863
MONTPELLIER,2024-08-01,26.256453,37.2,15.15,8.0,8.0,0.0,28.312117,51.839996,50094.89
MONTPELLIER,2024-09-01,19.084097,31.55,6.75,133.5,133.5,0.0,42.268967,74.159996,44919.754
MONTPELLIER,2024-10-01,16.910349,23.5,7.3,151.90001,151.90001,0.0,37.441727,68.4,39556.246
MONTPELLIER,2024-11-01,11.685416,21.95,0.55,102.7,102.7,0.0,31.942772,66.6,34827.93
MONTPELLIER,2024-12-01,7.2229834,18.0,-1.95,7.2,7.2,0.0,34.567497,71.28,32385.244
MONTPELLIER,2025-01-01,7.9290323,17.55,-3.75,99.7,99.7,0.0,29.713633,57.239998,33748.734
MONTPELLIER,2025-02-01,8.755431,15.6,-2.0,122.1,121.99999,0.07,29.507923,60.839996,37862.285
MONTPELLIER,2025-03-01,10.889987,21.15,2.8,114.4,114.4,0.0,49.905468,99.36,43038.645
MONTPELLIER,2025-04-01,14.377917,26.1,5.05,89.700005,89.700005,0.0,39.33113,78.84,48435.184
MONTPELLIER,2025-05-01,18.112904,31.25,8.1,73.9,73.9,0.0,25.382553,55.8,53030.94
MONTPELLIER,2025-06-01,25.063124,38.0,13.75,42.000004,42.000004,0.0,26.183659,55.8,55364.027
MONTPELLIER,2025-07-01,25.784206,38.25,17.4,29.3,29.3,0.0,29.257614,64.439995,54176.516
MONTPELLIER,2025-08-01,26.037365,40.8,15.35,34.8,34.8,0.0,25.966208,57.96,50130.73
MONTPELLIER,2025-09-01,20.092222,30.35,8.1,62.9,62.9,0.0,27.07669,55.079998,44962.79
MONTPELLIER,2025-10-01,16.631315,26.35,9.2,30.400003,30.400003,0.0,35.64182,81.36,39594.758
MONTPELLIER,2025-11-01,11.241041,20.55,-0.6,88.4,88.4,0.0,34.15734,69.12,34860.832
MONTPELLIER,2025-12-01,9.418414,17.9,-1.25,285.7,285.7,0.0,35.112923,71.28,32389.803
MULHOUSE VILLE,2018-01-01,5.8633065,13.55,-3.15,175.7,175.5,0.14,51.984802,106.92,32108.197
MULHOUSE VILLE,2018-02-01,0.095684476,9.05,-10.1,60.7,48.600002,8.47,31.485083,64.079994,36912.086
MULHOUSE VILLE,2018-03-01,4.8350806,14.85,-5.25,67.6,52.4,10.64,35.949562,70.2,42905.1
MULHOUSE VILLE,2018-04-01,13.313819,26.5,-0.85,47.7,47.2,0.35,36.324337,83.520004,49162.047
MULHOUSE VILLE,2018-05-01,16.488977,27.45,7.0,86.7,86.7,0.0,31.072817,61.920002,54557.414
MULHOUSE VILLE,2018-06-01,19.527222,29.7,9.65,82.2,82.2,0.0,28.220419,59.039997,57370.355
MULHOUSE VILLE,2018-07-01,22.667875,33.5,11.65,26.7,26.7,0.0,22.530937,48.239998,55996.76
MULHOUSE VILLE,2018-08-01,22.2168,33.75,8.15,22.0,22.0,0.0,35.902668,71.28,51254.848
MULHOUSE VILLE,2018-09-01,17.610138,30.95,4.05,20.6,20.6,0.0,40.946735,84.6,45260.57
MULHOUSE VILLE,2018-10-01,12.207057,25.15,2.05,43.8,43.6,0.14,32.886345,63.0,39043.883
MULHOUSE VILLE,2018-11-01,6.1645136,16.75,-2.15,45.5,45.0,0.35,29.462873,57.6,33504.973
MULHOUSE VILLE,2018-12-01,4.6055107,13.95,-3.75,98.200005,93.200005,3.5,48.325893,91.799995,30541.365
MULHOUSE VILLE,2019-01-01,1.5751345,9.25,-4.2,59.7,42.0,12.390001,36.744698,73.079994,32079.635
MULHOUSE VILLE,2019-02-01,4.2638392,15.95,-4.05,27.2,26.400002,0.56,37.51262,77.4,36866.336
MULHOUSE VILLE,2019-03-01,7.7546372,19.1,-1.6,92.5,92.1,0.28,42.476948,90.36,42854.695
MULHOUSE VILLE,2019-04-01,9.832847,22.15,-0.95,85.5,82.799995,1.8899999,41.442238,93.96,49116.105
MULHOUSE VILLE,2019-05-01,11.930242,23.05,0.45,87.5,87.0,0.35000002,43.238983,90.0,54522.258
MULHOUSE VILLE,2019-06-01,20.270348,34.45,9.7,68.100006,68.100006,0.0,28.079998,57.96,57365.566
MULHOUSE VILLE,2019-07-01,22.246439,36.65,12.3,52.8,52.8,0.0,26.903828,54.719997,56022.152
MULHOUSE VILLE,2019-08-01,20.66203,32.65,10.1,68.3,68.3,0.0,24.26998,52.56,51300.613
MULHOUSE VILLE,2019-09-01,16.360485,28.6,7.65,28.8,28.8,0.0,38.96158,74.88,45309.1
MULHOUSE VILLE,2019-10-01,12.637231,25.6,5.0,118.4,118.4,0.0,29.96662,60.479996,39094.46
MULHOUSE VILLE,2019-11-01,6.025,15.9,-1.2,84.0,83.6,0.28,30.0767,64.799995,33540.703
MULHOUSE VILLE,2019-12-01,4.589718,13.95,-3.55,102.2,97.9,3.01,42.990993,85.32,30547.902
MULHOUSE VILLE,2020-01-01,3.466398,13.25,-4.65,39.0,38.4,0.42,36.217144,85.32,32051.812
MULHOUSE VILLE,2020-02-01,6.932687,18.8,-3.6,106.3,103.6,1.89,49.903843,102.96,36915.508
MULHOUSE VILLE,2020-03-01,6.9028897,18.35,-3.3,68.100006,67.600006,0.35,41.475063,79.92,43014.523
MULHOUSE VILLE,2020-04-01,13.478958,24.35,-2.6,17.8,17.8,0.0,32.2396,62.279995,49263.84
MULHOUSE VILLE,2020-05-01,14.865659,26.65,3.9,96.2,96.2,0.0,29.268686,65.159996,54635.168
MULHOUSE VILLE,2020-06-01,17.99125,28.95,9.95,92.9,92.9,0.0,33.40831,65.88,57385.12
MULHOUSE VILLE,2020-07-01,21.954166,36.7,11.55,13.500001,13.500001,0.0,27.009598,65.520004,55938.035
MULHOUSE VILLE,2020-08-01,21.74039,34.6,11.15,88.4,88.4,0.0,30.911821,62.639996,51162.82
MULHOUSE VILLE,2020-09-01,17.252153,30.9,6.25,37.8,37.8,0.0,35.58177,67.67999,45152.824
MULHOUSE VILLE,2020-10-01,10.74254,19.15,1.45,94.2,94.2,0.0,32.846916,63.72,38943.746
MULHOUSE VILLE,2020-11-01,6.69,21.1,-3.45,17.6,17.6,0.0,27.381308,52.56,33422.605
MULHOUSE VILLE,2020-12-01,3.8905916,14.85,-3.35,88.7,81.5,5.04,36.367126,71.28,30528.18
MULHOUSE VILLE,2021-01-01,1.7966397,11.5,-7.75,147.7,91.700005,39.2,33.971867,72.36,32141.3
MULHOUSE VILLE,2021-02-01,4.6774554,18.25,-9.4,55.799995,46.199997,6.790001,34.567497,66.24,36962.336
MULHOUSE VILLE,2021-03-01,6.0127015,23.5,-3.95,56.9,55.0,1.33,43.987816,86.399994,42963.656
MULHOUSE VILLE,2021-04-01,8.232778,23.0,-3.0,46.600002,38.200005,5.88,32.744175,65.159996,49215.965
MULHOUSE VILLE,2021-05-01,11.6125,27.0,1.85,139.3,139.3,0.0,39.756783,79.92,54600.086
MULHOUSE VILLE,2021-06-01,20.15986,32.0,8.95,105.8,105.8,0.0,25.071098,51.48,57378.805
MULHOUSE VILLE,2021-07-01,19.004906,27.3,11.6,142.0,142.0,0.0,28.766228,64.799995,55967.17
MULHOUSE VILLE,2021-08-01,18.356318,30.6,10.1,49.0,49.0,0.0,27.36947,56.519997,51205.92
MULHOUSE VILLE,2021-09-01,17.33979,28.65,4.95,31.000002,31.000002,0.0,30.77737,66.6,45204.04
MULHOUSE VILLE,2021-10-01,10.518279,22.45,1.9,48.600002,48.600002,0.0,45.258457,88.92,38989.41
MULHOUSE VILLE,2021-11-01,4.5475,13.6,-3.05,70.3,52.5,12.46,36.57855,70.2,33461.52
MULHOUSE VILLE,2021-12-01,3.9630377,14.4,-5.2,95.3,85.0,7.21,41.236897,77.76,30533.695
MULHOUSE VILLE,2022-01-01,2.1602151,16.35,-4.8,52.300003,47.2,3.57,46.44558,85.67999,32109.082
MULHOUSE VILLE,2022-02-01,5.2474704,16.1,-4.1,70.7,70.299995,0.28,43.77369,81.36,36916.926
MULHOUSE VILLE,2022-03-01,7.140054,20.6,-4.3,32.899998,32.899998,0.0,32.59939,61.920002,42910.617
MULHOUSE VILLE,2022-04-01,9.930278,22.25,-4.15,92.9,87.100006,4.06,46.834602,87.12,49170.457
MULHOUSE VILLE,2022-05-01,16.838306,30.25,5.2,25.1,25.1,0.0,29.949316,56.88,54563.957
MULHOUSE VILLE,2022-06-01,21.126945,35.85,8.85,67.2,67.2,0.0,27.238941,58.679996,57373.676
MULHOUSE VILLE,2022-07-01,22.468817,36.15,11.6,14.9,14.9,0.0,25.264202,52.56,55994.195
MULHOUSE VILLE,2022-08-01,22.28293,35.9,13.8,50.699997,50.699997,0.0,25.9225,52.92,51248.332
MULHOUSE VILLE,2022-09-01,15.589028,27.8,4.1,114.200005,114.200005,0.0,28.961546,55.8,45253.363
MULHOUSE VILLE,2022-10-01,14.666666,24.4,6.2,67.1,67.1,0.0,33.16692,65.520004,39036.484
MULHOUSE VILLE,2022-11-01,7.9842362,16.95,-0.8,81.2,81.2,0.0,31.682043,59.399998,33498.99
MULHOUSE VILLE,2022-12-01,3.4037633,18.9,-7.5,93.0,80.5,8.75,39.31259,77.76,30538.523
MULHOUSE VILLE,2023-01-01,4.163979,16.2,-5.1,77.6,68.4,6.51,38.988182,74.88,32080.928
MULHOUSE VILLE,2023-02-01,4.0354166,14.85,-5.25,17.0,15.8,0.84000003,37.950554,71.28,36869.43
MULHOUSE VILLE,2023-03-01,7.696102,21.35,-3.45,94.5,93.2,0.90999997,41.643456,82.799995,42859.555
MULHOUSE VILLE,2023-04-01,9.241528,20.3,-1.35,75.799995,75.799995,0.0,34.70407,64.439995,49121.98
MULHOUSE VILLE,2023-05-01,15.006654,26.2,6.45,69.5,69.5,0.0,30.141266,57.239998,54528.61
MULHOUSE VILLE,2023-06-01,21.455763,30.75,11.85,41.3,41.3,0.0,23.83624,48.96,57368.24
MULHOUSE VILLE,2023-07-01,20.81082,35.15,10.8,75.1,75.1,0.0,30.684587,63.72,56019.434
MULHOUSE VILLE,2023-08-01,20.91828,34.15,10.0,77.6,77.6,0.0,36.322556,72.72,51294.75
MULHOUSE VILLE,2023-09-01,19.473263,31.65,7.7,32.7,32.7,0.0,25.264202,50.76,45301.137
MULHOUSE VILLE,2023-10-01,13.977083,28.25,4.05,96.7,96.7,0.0,31.869658,60.839996,39087.043
MULHOUSE VILLE,2023-11-01,7.4419446,17.35,-1.6,152.2,144.7,5.25,44.33996,86.03999,33533.387
MULHOUSE VILLE,2023-12-01,5.399731,12.95,-5.65,108.6,101.50001,4.9700003,37.45557,69.479996,30545.967
MULHOUSE VILLE,2024-01-01,2.786895,12.95,-7.35,94.6,83.299995,7.91,37.29607,70.56,32054.06
MULHOUSE VILLE,2024-02-01,7.806178,14.6,0.15,73.0,72.8,0.14,40.743664,77.4,36919.81
MULHOUSE VILLE,2024-03-01,8.855376,19.55,-0.2,65.299995,65.2,0.07,31.104082,65.88,43020.48
MULHOUSE VILLE,2024-04-01,10.460209,26.25,0.35,117.3,106.2,7.7699995,36.317204,74.88,49269.48
MULHOUSE VILLE,2024-05-01,14.932528,25.45,4.95,158.5,158.5,0.0,29.168886,59.399998,54641.36
MULHOUSE VILLE,2024-06-01,18.146667,28.2,6.75,75.899994,75.899994,0.0,26.415268,52.92,57386.73
MULHOUSE VILLE,2024-07-01,20.605846,32.85,10.2,67.200005,67.200005,0.0,27.666182,54.0,55935.23
MULHOUSE VILLE,2024-08-01,22.361628,34.65,11.2,45.800003,45.800003,0.0,28.99062,67.32,51156.516
MULHOUSE VILLE,2024-09-01,15.849444,29.85,4.0,103.0,103.0,0.0,34.46471,69.12,45145.555
MULHOUSE VILLE,2024-10-01,12.848656,21.3,4.3,87.299995,87.299995,0.0,39.58895,81.0,38936.547
MULHOUSE VILLE,2024-11-01,5.954722,16.15,-5.85,87.2,61.899998,17.710001,38.813274,79.2,33416.62
MULHOUSE VILLE,2024-12-01,3.1037633,13.75,-4.7,81.100006,73.4,5.39,38.020924,83.520004,30526.668
MULHOUSE VILLE,2025-01-01,3.1412635,16.0,-5.45,99.100006,98.9,0.14,36.918873,77.76,32143.746
MULHOUSE VILLE,2025-02-01,3.5138392,14.75,-3.75,48.600002,43.4,3.6399996,31.512339,63.72,36967.758
MULHOUSE VILLE,2025-03-01,7.269758,19.4,-1.75,54.5,54.2,0.21,24.932438,53.28,42969.56
MULHOUSE VILLE,2025-04-01,12.133333,25.0,1.35,53.2,53.2,0.0,29.606031,63.36,49221.902
MULHOUSE VILLE,2025-05-01,15.6883745,32.8,4.25,30.599998,30.599998,0.0,28.805622,63.72,54605.426
MULHOUSE VILLE,2025-06-01,22.435486,35.5,7.85,45.2,45.2,0.0,27.54941,64.799995,57380.184
MULHOUSE VILLE,2025-07-01,20.40336,36.9,10.35,114.1,114.1,0.0,25.674463,61.920002,55963.355
MULHOUSE VILLE,2025-08-01,20.523252,35.6,10.15,111.700005,111.700005,0.0,21.06077,42.48,51198.387
MULHOUSE VILLE,2025-09-01,15.473264,28.7,7.3,140.7,140.7,0.0,30.409346,64.799995,45195.35
MULHOUSE VILLE,2025-10-01,10.977689,19.3,4.1,89.8,89.8,0.0,33.857227,86.03999,38981.242
MULHOUSE VILLE,2025-11-01,5.6679163,18.0,-6.3,81.600006,80.200005,0.98,21.3412,42.839996,33455.332
MULHOUSE VILLE,2025-12-01,3.4248655,14.9,-6.3,18.0,18.0,0.0,30.746824,64.799995,30532.098
NANCY,2018-01-01,5.5536294,12.2,-2.05,219.2,215.1,2.87,44.45672,111.24,31713.21
NANCY,2018-02-01,-0.31354168,8.3,-10.25,37.600002,26.199999,7.9799995,31.608328,64.439995,36693.152
NANCY,2018-03-01,4.446304,14.35,-6.15,78.5,63.800003,10.29,31.608328,60.839996,42886.7
NANCY,2018-04-01,12.44375,24.95,1.85,52.6,52.6,0.0,38.82162,73.439995,49351.598
NANCY,2018-05-01,15.7257395,26.55,4.05,77.4,77.4,0.0,24.248611,48.6,54942.855
NANCY,2018-06-01,18.541319,30.75,7.85,59.3,59.3,0.0,26.081993,54.0,57870.273
NANCY,2018-07-01,22.30316,32.9,12.3,18.2,18.2,0.0,21.933426,50.039997,56439.41
NANCY,2018-08-01,21.044153,33.15,8.05,36.5,36.5,0.0,31.037344,66.96,51517.555
NANCY,2018-09-01,16.390139,28.75,4.35,35.6,35.6,0.0,39.254856,92.159996,45319.46
NANCY,2018-10-01,12.149127,24.55,2.3,19.199999,17.9,0.90999997,37.957386,73.079994,38897.625
NANCY,2018-11-01,6.7316666,19.85,-2.4,63.0,62.300003,0.49,29.515608,65.88,33163.35
NANCY,2018-12-01,4.449597,12.65,-4.55,121.2,116.4,3.3600001,40.10406,85.32,30083.963
NANCY,2019-01-01,1.2708334,8.0,-6.55,56.899994,37.199997,13.79,31.92654,63.36,31683.54
NANCY,2019-02-01,4.8566217,16.85,-4.85,28.100002,25.800001,1.61,41.218033,85.67999,36645.812
NANCY,2019-03-01,7.306048,17.95,-2.5,82.3,80.0,1.6099999,46.929974,92.88,42834.633
NANCY,2019-04-01,9.193334,21.7,-2.95,65.7,65.7,0.0,29.168886,59.399998,49304.074
NANCY,2019-05-01,11.479301,22.55,0.75,69.5,69.5,0.0,39.04631,74.520004,54906.336
NANCY,2019-06-01,20.3875,36.3,9.55,43.4,43.4,0.0,33.342297,65.88,57865.285
NANCY,2019-07-01,21.686693,37.75,11.25,24.500002,24.500002,0.0,27.80403,57.6,56465.84
NANCY,2019-08-01,20.60766,32.05,10.2,45.900005,45.900005,0.0,28.712116,63.72,51564.953
NANCY,2019-09-01,15.7253475,26.85,6.9,48.3,48.3,0.0,33.772907,83.159996,45369.586
NANCY,2019-10-01,12.487299,23.1,3.45,92.7,92.7,0.0,32.59939,65.520004,38949.902
NANCY,2019-11-01,5.6164584,15.0,-2.25,88.1,81.9,4.34,33.3792,68.4,33200.42
NANCY,2019-12-01,4.767406,15.65,-3.45,121.3,119.8,1.0500001,42.438793,81.0,30090.77
NANCY,2020-01-01,3.7428763,12.8,-5.85,41.6,38.9,1.8900001,35.413826,83.520004,31654.63
NANCY,2020-02-01,6.362069,15.55,-3.6,170.8,161.90001,6.23,50.144783,116.64,36696.637
NANCY,2020-03-01,6.424194,16.9,-2.0,70.3,70.1,0.14,42.990993,86.76,42999.71
NANCY,2020-04-01,12.805278,22.75,-3.15,19.800001,19.800001,0.0,29.317352,69.479996,49456.88
NANCY,2020-05-01,13.947312,25.05,2.05,46.000004,46.000004,0.0,27.66384,53.639996,55023.633
NANCY,2020-06-01,16.947224,27.9,7.55,98.399994,98.399994,0.0,28.266304,60.839996,57885.676
NANCY,2020-07-01,19.867138,34.95,9.6,16.900002,16.900002,0.0,26.121714,52.199997,56378.297
NANCY,2020-08-01,21.729973,34.85,11.7,43.4,43.4,0.0,30.513052,61.56,51422.246
NANCY,2020-09-01,17.070972,31.5,4.95,61.800003,61.800003,0.0,36.504074,69.479996,45208.168
NANCY,2020-10-01,10.789381,20.6,3.05,90.4,90.4,0.0,40.77546,78.12,38794.113
NANCY,2020-11-01,7.1545835,19.15,-4.9,21.699999,21.699999,0.0,29.973106,69.12,33077.9
NANCY,2020-12-01,4.4360213,13.15,-3.25,99.4,93.799995,3.92,43.490025,97.2,30070.238
NANCY,2021-01-01,1.7724462,12.25,-9.05,137.8,100.7,25.970001,40.28141,83.520004,31747.604
NANCY,2021-02-01,5.089658,17.6,-8.3,67.299995,59.699997,5.32,35.09769,71.64,36745.145
NANCY,2021-03-01,5.5311832,22.45,-3.2,64.7,60.7,2.8,41.48912,86.03999,42947.17
NANCY,2021-04-01,7.42375,21.3,-3.2,36.9,35.2,1.19,29.784426,57.6,49407.363
NANCY,2021-05-01,11.062567,24.75,1.75,98.8,98.8,0.0,35.64182,72.0,54987.184
NANCY,2021-06-01,19.120209,30.4,9.7,141.1,141.1,0.0,21.659918,47.16,57879.086
NANCY,2021-07-01,17.923454,26.3,10.35,171.0,171.0,0.0,26.31942,55.44,56408.62
NANCY,2021-08-01,17.154974,28.0,9.75,54.8,54.8,0.0,28.894344,56.519997,51466.89
NANCY,2021-09-01,16.33618,26.85,4.75,30.400002,30.400002,0.0,26.111792,52.56,45261.07
NANCY,2021-10-01,10.556385,20.6,0.45,63.3,63.3,0.0,41.668346,81.0,38841.32
NANCY,2021-11-01,4.4417357,13.2,-3.8,57.7,54.000004,2.59,30.7542,57.239998,33118.273
NANCY,2021-12-01,4.164651,12.9,-5.35,79.100006,68.3,7.5600004,34.942265,65.520004,30075.98
NANCY,2022-01-01,2.1495967,12.8,-3.55,60.300003,53.7,4.62,36.659946,68.03999,31714.133
NANCY,2022-02-01,4.954539,12.6,-3.45,71.799995,70.9,0.63,40.93882,80.28,36698.164
NANCY,2022-03-01,6.8391128,19.7,-3.85,43.600002,43.5,0.07,30.811037,57.6,42892.39
NANCY,2022-04-01,9.048125,20.3,-3.25,64.2,59.300003,3.4300003,40.050705,82.439995,49360.297
NANCY,2022-05-01,15.640861,27.8,3.1,19.9,19.9,0.0,35.143818,65.159996,54949.645
NANCY,2022-06-01,19.309582,34.8,8.75,83.0,83.0,0.0,28.691795,57.96,57873.74
NANCY,2022-07-01,21.599998,37.4,10.6,10.799999,10.799999,0.0,28.66694,55.079998,56436.74
NANCY,2022-08-01,22.176682,36.6,12.35,22.3,22.3,0.0,26.242987,52.92,51510.805
NANCY,2022-09-01,14.844236,28.9,3.55,111.0,111.0,0.0,28.772987,57.96,45312.016
NANCY,2022-10-01,14.239382,22.55,4.45,82.4,82.4,0.0,29.460672,56.88,38889.977
NANCY,2022-11-01,8.0559025,16.85,0.5,94.7,94.7,0.0,31.018547,63.36,33157.145
NANCY,2022-12-01,3.4094086,15.15,-10.6,76.3,70.6,4.129999,34.30594,69.12,30081.008
NANCY,2023-01-01,4.172782,14.05,-5.1,72.700005,60.7,8.54,42.926132,84.6,31684.88
NANCY,2023-02-01,3.8020835,14.3,-6.2,18.7,18.2,0.35,34.488674,64.439995,36649.01
NANCY,2023-03-01,7.054704,18.35,-3.4,94.7,92.0,1.8900001,38.773186,74.520004,42839.656
NANCY,2023-04-01,8.487291,18.5,-2.65,74.1,74.1,0.0,30.821548,61.920002,49310.152
NANCY,2023-05-01,14.337029,25.3,5.35,32.7,32.7,0.0,25.812277,50.399998,54912.926
NANCY,2023-06-01,20.93493,30.1,11.3,33.199997,33.199997,0.0,27.757376,58.32,57868.066
NANCY,2023-07-01,19.650537,33.5,10.1,103.0,103.0,0.0,28.732422,55.8,56463.01
NANCY,2023-08-01,19.049597,30.45,10.05,156.6,156.6,0.0,34.57687,71.28,51558.88
NANCY,2023-09-01,18.621458,30.95,5.8,32.4,32.4,0.0,27.181787,56.519997,45361.367
NANCY,2023-10-01,13.32715,26.3,2.8,159.09999,159.09999,0.0,36.91185,66.6,38942.24
NANCY,2023-11-01,6.7955556,14.45,-2.8,131.1,128.0,2.24,40.998924,77.76,33192.832
NANCY,2023-12-01,5.088844,12.15,-4.45,97.0,96.299995,0.49,39.45245,72.0,30088.752
NANCY,2024-01-01,2.2977152,11.85,-7.35,107.4,99.100006,5.81,37.162045,68.4,31656.965
NANCY,2024-02-01,7.168822,15.8,-2.4,102.0,101.7,0.21000001,40.456375,78.84,36701.09
NANCY,2024-03-01,8.245028,18.15,-0.55,77.7,76.5,0.84000003,32.409996,65.88,43005.86
NANCY,2024-04-01,9.938541,22.85,-1.25,87.3,84.6,1.89,36.429436,69.479996,49462.71
NANCY,2024-05-01,13.955914,24.1,4.75,149.6,149.6,0.0,24.482647,43.92,55030.066
NANCY,2024-06-01,16.760347,29.8,6.05,110.700005,110.700005,0.0,29.301876,54.719997,57887.35
NANCY,2024-07-01,19.202488,31.9,9.6,63.399998,63.399998,0.0,26.339111,54.0,56375.383
NANCY,2024-08-01,20.617876,33.05,9.6,38.1,38.1,0.0,27.047956,62.279995,51415.727
NANCY,2024-09-01,15.380069,31.1,3.25,102.40001,102.40001,0.0,38.21854,79.2,45200.66
NANCY,2024-10-01,12.403024,20.8,3.55,112.0,112.0,0.0,42.217194,83.520004,38786.67
NANCY,2024-11-01,6.109444,17.4,-3.9,59.7,53.399998,4.41,35.585865,83.520004,33071.69
NANCY,2024-12-01,3.0025537,11.25,-4.2,83.5,77.9,3.92,32.379993,71.64,30068.666
NANCY,2025-01-01,2.9110887,13.3,-4.45,100.8,94.9,4.13,39.854862,88.56,31750.143
NANCY,2025-02-01,3.3302827,14.6,-3.6,48.6,46.1,1.7500001,24.300665,51.12,36750.758
NANCY,2025-03-01,6.742608,18.55,-2.3,35.7,17.6,12.670001,24.776003,52.56,42953.27
NANCY,2025-04-01,10.872361,24.25,0.75,56.199997,56.199997,0.0,28.177906,63.0,49413.504
NANCY,2025-05-01,14.638777,29.55,5.0,31.8,31.8,0.0,23.27296,57.96,54992.734
NANCY,2025-06-01,20.484444,33.15,7.25,86.600006,86.600006,0.0,26.486313,57.96,57880.523
NANCY,2025-07-01,19.2,36.65,9.9,107.7,107.7,0.0,26.372305,56.519997,56404.65
NANCY,2025-08-01,20.03246,35.3,9.25,77.100006,77.100006,0.0,25.411257,55.079998,51459.082
NANCY,2025-09-01,14.759167,26.6,6.75,158.8,158.8,0.0,27.037172,56.88,45252.098
NANCY,2025-10-01,10.740659,17.0,3.7,86.600006,86.600006,0.0,37.621723,81.36,38832.87
NANCY,2025-11-01,6.6711807,18.15,-5.75,45.9,42.7,2.2399998,28.069036,58.32,33111.85
NANCY,2025-12-01,4.7920027,13.5,-6.65,31.399998,30.8,0.42000002,31.902174,73.439995,30074.316
NANTES,2018-01-01,9.0369625,14.45,1.2,92.4,92.4,0.0,47.446304,95.03999,32343.312
NANTES,2018-02-01,4.0131693,12.5,-6.1,49.5,47.1,1.6800001,33.617138,68.76,37042.87
NANTES,2018-03-01,7.833535,14.95,-1.9,124.9,123.5,0.98,36.721764,71.64,42916.18
NANTES,2018-04-01,12.37868,25.55,2.5,74.50001,74.50001,0.0,38.093716,74.159996,49048.938
NANTES,2018-05-01,15.32957,25.8,5.55,35.4,35.4,0.0,25.982424,52.92,54328.176
NANTES,2018-06-01,19.016735,30.7,11.75,107.00001,107.00001,0.0,28.943642,55.8,57073.918
NANTES,2018-07-01,21.523052,29.95,14.5,50.899998,50.899998,0.0,32.886345,64.799995,55733.867
NANTES,2018-08-01,20.465794,33.3,10.75,44.699997,44.699997,0.0,28.73242,59.399998,51098.227
NANTES,2018-09-01,17.899584,29.2,7.4,13.700001,13.700001,0.0,30.173496,60.120003,45225.44
NANTES,2018-10-01,13.746909,25.5,2.25,51.899998,50.8,0.77,33.12978,62.639996,39131.348
NANTES,2018-11-01,9.129791,18.0,-0.6,164.2,164.2,0.0,37.14286,77.76,33708.57
NANTES,2018-12-01,8.975806,14.4,-2.4,133.40001,133.40001,0.0,37.585102,79.56,30813.209
NANTES,2019-01-01,5.585148,11.5,-1.3,37.5,37.5,0.0,44.12754,94.67999,32315.402
NANTES,2019-02-01,8.021354,20.05,0.25,59.199997,59.199997,0.0,43.434864,83.88,36998.066
NANTES,2019-03-01,9.683132,19.4,2.75,56.4,56.4,0.0,49.562466,97.2,42866.76
NANTES,2019-04-01,11.182292,23.45,1.05,61.1,61.1,0.0,30.599998,64.799995,49003.934
NANTES,2019-05-01,13.463643,24.5,3.6,46.3,46.3,0.0,44.71107,87.12,54293.824
NANTES,2019-06-01,17.925138,36.15,7.65,81.100006,81.100006,0.0,42.009083,91.079994,57069.25
NANTES,2019-07-01,21.725807,36.95,13.35,21.300001,21.300001,0.0,28.467329,57.6,55758.65
NANTES,2019-08-01,19.880108,32.05,11.45,47.800003,47.800003,0.0,37.162045,72.72,51143.023
NANTES,2019-09-01,17.644722,28.65,9.45,57.2,57.2,0.0,37.911263,79.56,45273.01
NANTES,2019-10-01,14.396303,20.65,6.6,137.2,137.2,0.0,33.709534,70.92,39180.906
NANTES,2019-11-01,8.770139,17.4,0.5,173.40001,173.40001,0.0,44.131947,83.159996,33743.51
NANTES,2019-12-01,8.392339,15.15,-1.35,126.200005,126.200005,0.0,46.317047,95.76,30819.592
NANTES,2020-01-01,8.273387,13.65,-0.1,119.50001,119.50001,0.0,38.546906,78.12,32288.223
NANTES,2020-02-01,9.645977,15.6,2.05,115.700005,115.700005,0.0,49.007618,98.64,37046.254
NANTES,2020-03-01,9.28582,19.95,1.1,101.9,101.9,0.0,44.52954,87.12,43023.46
NANTES,2020-04-01,14.160556,24.75,1.8,75.1,75.1,0.0,38.332817,82.079994,49148.65
NANTES,2020-05-01,16.56035,28.55,6.2,50.600002,50.600002,0.0,32.651028,65.520004,54404.145
NANTES,2020-06-01,17.107779,30.5,9.3,114.6,114.6,0.0,29.339449,59.399998,57088.316
NANTES,2020-07-01,19.753696,33.65,10.55,10.5,10.5,0.0,28.712116,58.679996,55676.54
NANTES,2020-08-01,20.463373,37.3,10.25,59.399998,59.399998,0.0,32.647057,63.72,51008.14
NANTES,2020-09-01,17.99861,31.55,7.8,40.5,40.5,0.0,31.160282,68.03999,45119.812
NANTES,2020-10-01,12.845027,19.25,5.95,155.8,155.8,0.0,43.39904,101.159996,39033.223
NANTES,2020-11-01,10.704028,18.9,1.6,57.500004,57.500004,0.0,35.58177,83.159996,33628.035
NANTES,2020-12-01,7.9448924,14.85,0.25,171.70001,171.70001,0.0,45.532528,96.12,30800.34
NANTES,2021-01-01,5.3402553,12.7,-3.0,98.899994,95.0,2.73,42.05225,90.72,32375.658
NANTES,2021-02-01,7.791369,16.9,-3.15,60.500004,57.200005,2.31,40.20573,79.2,37092.082
NANTES,2021-03-01,8.577217,23.2,-0.8,19.5,19.5,0.0,44.751633,86.399994,42973.59
NANTES,2021-04-01,10.625764,24.0,-0.6,26.600002,26.600002,0.0,29.363731,59.039997,49101.754
NANTES,2021-05-01,13.048521,25.55,4.35,82.0,82.0,0.0,37.10795,78.12,54369.867
NANTES,2021-06-01,18.59979,30.4,9.8,102.200005,102.200005,0.0,23.319553,45.36,57082.152
NANTES,2021-07-01,18.999866,31.1,11.35,74.9,74.9,0.0,29.354902,56.16,55704.984
NANTES,2021-08-01,18.403225,29.45,12.05,39.1,39.1,0.0,32.058197,63.0,51050.34
NANTES,2021-09-01,18.729652,32.95,7.75,48.2,48.2,0.0,32.353966,59.76,45170.02
NANTES,2021-10-01,13.24039,22.25,5.2,151.2,151.2,0.0,45.94057,90.36,39077.97
NANTES,2021-11-01,7.4840274,15.35,0.35,29.9,29.9,0.0,32.619255,60.120003,33666.082
NANTES,2021-12-01,7.7060485,15.95,-1.7,112.4,112.4,0.0,39.79262,76.32,30805.725
NANTES,2022-01-01,5.961694,15.55,-2.55,53.2,53.2,0.0,41.33734,84.96,32344.18
NANTES,2022-02-01,8.153497,14.95,-0.1,34.6,34.6,0.0,36.161636,67.67999,37047.613
NANTES,2022-03-01,10.261895,20.15,0.5,50.5,50.5,0.0,29.808346,65.520004,42921.586
NANTES,2022-04-01,11.877848,21.7,-1.1,55.600002,55.2,0.28,43.897865,87.479996,49057.176
NANTES,2022-05-01,16.48414,29.35,8.15,41.4,41.4,0.0,25.153671,49.32,54334.566
NANTES,2022-06-01,19.287638,38.3,9.95,50.899998,50.899998,0.0,30.04221,56.16,57077.16
NANTES,2022-07-01,22.315256,40.1,10.45,4.5,4.5,0.0,24.066206,47.519997,55731.355
NANTES,2022-08-01,22.469288,36.35,13.85,40.9,40.9,0.0,25.812277,48.6,51091.848
NANTES,2022-09-01,17.225348,32.5,6.6,43.9,43.9,0.0,32.33193,63.36,45218.375
NANTES,2022-10-01,16.36922,25.15,6.65,118.4,118.4,0.0,39.413013,77.76,39124.098
NANTES,2022-11-01,11.472083,19.3,3.65,111.799995,111.799995,0.0,47.41215,90.0,33702.723
NANTES,2022-12-01,6.242473,17.05,-3.6,115.9,113.8,1.4700001,39.6752,75.24,30810.438
NANTES,2023-01-01,7.0612903,14.5,-3.0,114.299995,113.7,0.42000002,46.28206,83.520004,32316.67
NANTES,2023-02-01,6.2706103,15.3,-3.05,15.1,15.1,0.0,31.828968,61.199997,37001.098
NANTES,2023-03-01,9.3692875,20.25,-2.15,125.600006,125.600006,0.0,44.208233,88.56,42871.527
NANTES,2023-04-01,11.056874,19.9,0.6,63.1,63.1,0.0,38.41387,72.36,49009.688
NANTES,2023-05-01,15.575201,26.35,7.0,53.6,53.6,0.0,30.24214,56.519997,54300.027
NANTES,2023-06-01,20.923748,29.8,12.95,27.0,27.0,0.0,23.42491,46.44,57071.855
NANTES,2023-07-01,19.21855,30.85,11.0,71.0,71.0,0.0,36.61573,69.12,55755.996
NANTES,2023-08-01,19.810888,33.85,10.6,39.000004,39.000004,0.0,47.131134,88.56,51137.28
NANTES,2023-09-01,20.2725,33.2,8.55,101.700005,101.700005,0.0,34.94968,65.520004,45265.207
NANTES,2023-10-01,15.456855,27.35,7.0,141.6,141.6,0.0,40.643345,78.12,39173.637
NANTES,2023-11-01,10.52257,16.9,-0.75,138.6,138.6,0.0,47.172363,97.92,33736.355
NANTES,2023-12-01,8.732191,14.95,-2.5,104.0,103.8,0.14,41.399998,79.92,30817.701
NANTES,2024-01-01,6.2474465,14.7,-3.85,115.49999,115.399994,0.07,39.97459,74.520004,32290.42
NANTES,2024-02-01,9.859266,17.65,1.65,134.2,134.1,0.07,43.561485,84.6,37050.47
NANTES,2024-03-01,9.383131,18.7,1.05,108.6,108.6,0.0,41.266743,87.84,43029.293
NANTES,2024-04-01,11.42625,22.5,3.85,92.6,92.6,0.0,33.96233,66.24,49154.176
NANTES,2024-05-01,14.190524,25.9,7.6,99.9,99.9,0.0,27.757378,55.8,54410.195
NANTES,2024-06-01,16.92132,29.95,8.3,76.5,76.5,0.0,29.949316,59.76,57089.883
NANTES,2024-07-01,18.76949,32.7,10.8,86.0,86.0,0.0,28.99062,58.679996,55673.8
NANTES,2024-08-01,19.736559,34.5,10.4,55.6,55.6,0.0,33.092598,62.639996,51001.977
NANTES,2024-09-01,15.380347,23.05,7.45,106.899994,106.899994,0.0,35.505657,68.03999,45112.688
NANTES,2024-10-01,14.097849,22.9,6.1,164.59999,164.59999,0.0,32.587955,64.799995,39026.168
NANTES,2024-11-01,10.471042,18.5,1.25,69.9,69.200005,0.49,47.503975,99.72,33622.18
NANTES,2024-12-01,7.597379,15.7,0.15,40.399998,40.399998,0.0,33.09896,68.4,30798.865
NANTES,2025-01-01,5.909879,14.4,-3.15,228.5,228.5,0.0,41.912567,81.72,32378.047
NANTES,2025-02-01,6.7502227,15.4,-1.9,52.600002,52.600002,0.0,43.597916,83.520004,37097.395
NANTES,2025-03-01,9.242473,17.8,0.2,27.6,27.6,0.0,30.98772,67.67999,42979.375
NANTES,2025-04-01,13.501666,25.85,5.85,70.3,70.3,0.0,35.907177,75.96,49107.57
NANTES,2025-05-01,15.878696,30.05,6.8,37.100002,37.100002,0.0,23.487068,51.48,54375.09
NANTES,2025-06-01,20.797638,36.1,10.75,33.899998,33.899998,0.0,28.066727,59.399998,57083.5
NANTES,2025-07-01,20.530445,32.5,12.15,74.9,74.9,0.0,31.648281,66.96,55701.258
NANTES,2025-08-01,21.480646,37.1,12.7,22.9,22.9,0.0,27.82325,59.399998,51042.957
NANTES,2025-09-01,16.35639,27.4,8.15,69.799995,69.799995,0.0,36.1195,79.56,45161.504
NANTES,2025-10-01,13.709005,21.85,7.05,81.799995,81.799995,0.0,36.80549,77.03999,39069.965
NANTES,2025-11-01,10.588542,19.35,-1.0,105.9,105.200005,0.49,29.015757,60.479996,33660.03
NANTES,2025-12-01,7.658266,16.45,-1.4,69.8,69.0,0.56,32.9577,69.84,30804.164
NICE VILLE,2018-01-01,10.129344,18.528,4.028,99.7,99.7,0.0,34.08042,73.439995,33693.523
NICE VILLE,2018-02-01,7.0240564,14.228,-1.022,88.50001,72.00001,11.550001,28.227306,59.039997,37800.285
NICE VILLE,2018-03-01,9.8251095,19.128,1.9280001,154.40001,147.40001,4.8999996,27.212759,61.199997,42981.668
NICE VILLE,2018-04-01,15.117931,23.678001,6.828,104.3,104.3,0.0,33.636406,69.479996,48395.92
NICE VILLE,2018-05-01,18.033983,26.878,9.127999,71.7,71.7,0.0,20.431387,47.16,53014.72
NICE VILLE,2018-06-01,21.886541,28.878,15.978,39.8,39.8,0.0,26.208395,53.639996,55386.996
NICE VILLE,2018-07-01,25.101187,32.428,18.878,19.599998,19.599998,0.0,22.7057,52.199997,54232.434
NICE VILLE,2018-08-01,26.306093,33.328,16.928001,11.4,11.4,0.0,20.858265,46.079998,50195.887
NICE VILLE,2018-09-01,22.492516,28.428001,14.828,9.1,9.1,0.0,33.041645,69.479996,45022.926
NICE VILLE,2018-10-01,18.125244,26.928001,7.328,200.7,200.7,0.0,32.789658,79.2,39639.2
NICE VILLE,2018-11-01,13.160152,21.678001,5.078,154.7,154.7,0.0,28.410364,55.8,34881.15
NICE VILLE,2018-12-01,10.0090475,17.628,3.8780003,45.299995,45.299995,0.0,31.826931,65.159996,32368.71
NICE VILLE,2019-01-01,7.1818976,17.228,1.228,8.9,8.4,0.35,34.428497,72.36,33669.297
NICE VILLE,2019-02-01,9.064756,18.328001,2.8780003,73.4,73.4,0.0,28.503725,80.64,37760.914
NICE VILLE,2019-03-01,11.95804,21.828001,5.228,5.1000004,5.1000004,0.0,24.696104,51.48,42937.984
NICE VILLE,2019-04-01,13.239805,23.528,5.8780003,165.3,165.3,0.0,31.810638,69.479996,48356.316
NICE VILLE,2019-05-01,15.317921,23.228,7.978,67.299995,67.299995,0.0,24.923338,60.479996,52984.88
NICE VILLE,2019-06-01,22.662584,32.628,14.1779995,2.5,2.5,0.0,30.85307,61.920002,55382.99
NICE VILLE,2019-07-01,25.238821,34.128002,17.778,48.6,48.6,0.0,24.36325,51.12,54253.848
NICE VILLE,2019-08-01,24.88983,30.378,18.728,12.2,12.2,0.0,18.581022,42.839996,50235.152
NICE VILLE,2019-09-01,21.76543,29.378,15.028,60.600002,60.600002,0.0,24.923338,51.12,45064.96
NICE VILLE,2019-10-01,17.934183,24.328001,12.377999,154.9,154.9,0.0,27.66384,59.76,39682.887
NICE VILLE,2019-11-01,12.295709,21.028,4.828,376.8,376.8,0.0,35.69813,75.96,34911.613
NICE VILLE,2019-12-01,10.93882,17.328001,3.5279999,166.2,166.2,0.0,40.326424,84.96,32374.225
NICE VILLE,2020-01-01,9.427932,17.628,3.828,13.7,13.7,0.0,27.416782,55.8,33645.703
NICE VILLE,2020-02-01,10.639709,19.428001,2.7779999,2.1,2.1,0.0,33.47032,68.03999,37803.414
NICE VILLE,2020-03-01,11.121212,18.328001,3.7280002,64.6,64.6,0.0,33.64989,74.88,43076.5
NICE VILLE,2020-04-01,14.425363,20.778,5.2780004,30.900002,30.900002,0.0,27.684914,57.6,48483.67
NICE VILLE,2020-05-01,18.685326,25.978,12.377999,114.49999,114.49999,0.0,34.22841,68.4,53080.68
NICE VILLE,2020-06-01,20.657444,34.978,14.1779995,72.899994,72.899994,0.0,27.212759,56.519997,55399.36
NICE VILLE,2020-07-01,24.054144,29.428001,18.878,8.2,8.2,0.0,24.448214,57.239998,54182.902
NICE VILLE,2020-08-01,25.013552,30.878,17.878,18.9,18.9,0.0,22.59699,46.44,50116.918
NICE VILLE,2020-09-01,21.472237,29.578001,10.478,32.5,32.5,0.0,31.450073,64.799995,44929.582
NICE VILLE,2020-10-01,15.026388,22.728,8.6779995,164.8,164.8,0.0,41.730507,86.03999,39552.684
NICE VILLE,2020-11-01,13.004806,20.028,5.578,19.6,19.6,0.0,20.799152,42.12,34810.945
NICE VILLE,2020-12-01,8.840299,16.228,2.328,149.79999,149.79999,0.0,30.239998,64.799995,32357.607
NICE VILLE,2021-01-01,7.2325025,18.378,1.2780001,127.1,127.0,0.07,30.45566,61.199997,33721.605
NICE VILLE,2021-02-01,10.204562,18.478,0.628,44.8,44.600002,0.14,28.880886,59.039997,37843.54
NICE VILLE,2021-03-01,10.930958,19.828001,2.828,23.5,23.5,0.0,27.748037,57.239998,43032.414
NICE VILLE,2021-04-01,12.868347,19.878,4.228,58.100002,58.100002,0.0,35.346058,71.64,48442.402
NICE VILLE,2021-05-01,16.681496,25.328001,9.877999,61.200005,61.200005,0.0,28.66694,61.56,53050.918
NICE VILLE,2021-06-01,22.628836,32.528,14.9279995,12.6,12.6,0.0,29.374763,60.839996,55394.066
NICE VILLE,2021-07-01,24.255554,31.178001,18.378,17.5,17.5,0.0,26.33911,56.519997,54207.48
NICE VILLE,2021-08-01,24.87148,33.328,17.628,13.8,13.8,0.0,25.849905,54.719997,50153.91
NICE VILLE,2021-09-01,22.376127,28.628,16.078001,23.0,23.0,0.0,27.36947,55.44,44973.953
NICE VILLE,2021-10-01,16.828472,24.678001,10.078,94.700005,94.700005,0.0,29.74306,60.479996,39592.137
NICE VILLE,2021-11-01,12.593694,22.428001,3.928,105.5,105.5,0.0,27.609911,55.079998,34844.11
NICE VILLE,2021-12-01,8.7913065,17.578001,2.678,42.600002,42.600002,0.0,25.864943,48.6,32362.252
NICE VILLE,2022-01-01,7.9969516,14.978,2.428,9.0,9.0,0.0,29.301876,54.0,33694.277
NICE VILLE,2022-02-01,9.7027025,18.728,3.4780002,34.2,34.2,0.0,34.366333,67.67999,37804.457
NICE VILLE,2022-03-01,11.328067,23.178001,3.178,27.4,27.4,0.0,32.402,67.67999,42986.45
NICE VILLE,2022-04-01,13.993347,24.478,4.428,46.600002,46.600002,0.0,32.789658,63.72,48403.17
NICE VILLE,2022-05-01,19.496147,30.928001,11.877999,28.8,28.8,0.0,20.774214,45.0,53020.26
NICE VILLE,2022-06-01,24.284111,30.978,16.978,57.199997,57.199997,0.0,26.437336,54.0,55389.773
NICE VILLE,2022-07-01,26.97706,33.778,19.178001,5.5,5.5,0.0,22.90743,48.6,54230.266
NICE VILLE,2022-08-01,26.217247,32.728,18.078001,21.2,21.2,0.0,27.943514,63.72,50190.297
NICE VILLE,2022-09-01,22.19425,32.278,14.1779995,40.5,40.5,0.0,29.275326,57.6,45016.68
NICE VILLE,2022-10-01,18.901724,25.128,12.877999,39.899998,39.899998,0.0,18.792551,37.8,39632.8
NICE VILLE,2022-11-01,13.700084,21.078001,5.5280004,112.700005,112.700005,0.0,22.657131,45.719997,34876.047
NICE VILLE,2022-12-01,10.224572,15.6779995,3.3780003,111.100006,110.600006,0.35,25.153671,48.6,32366.32
NICE VILLE,2023-01-01,8.74124,15.9279995,1.0780001,37.399998,35.6,1.26,35.572662,70.2,33670.395
NICE VILLE,2023-02-01,8.833803,15.4279995,-0.27199996,13.2,13.2,0.0,29.268686,56.88,37763.582
NICE VILLE,2023-03-01,12.800649,24.378,3.928,11.6,11.6,0.0,35.08292,70.56,42942.203
NICE VILLE,2023-04-01,14.575709,27.028,6.478,29.699999,29.699999,0.0,31.780067,63.0,48361.38
NICE VILLE,2023-05-01,18.298096,26.678001,11.1779995,81.9,81.9,0.0,20.929596,40.32,52990.266
NICE VILLE,2023-06-01,22.726614,30.228,15.228,67.6,67.6,0.0,26.042212,51.48,55385.215
NICE VILLE,2023-07-01,25.516777,34.878002,18.028,10.900001,10.900001,0.0,33.34035,68.76,54251.55
NICE VILLE,2023-08-01,25.123634,34.878002,15.6779995,61.1,61.1,0.0,24.72495,56.16,50230.117
NICE VILLE,2023-09-01,22.07411,29.578001,13.328,42.5,42.5,0.0,25.153671,54.0,45058.066
NICE VILLE,2023-10-01,18.814627,27.828001,11.478,117.299995,117.299995,0.0,41.62478,86.399994,39676.48
NICE VILLE,2023-11-01,12.358348,24.878,4.978,58.7,58.7,0.0,25.932495,56.16,34905.375
NICE VILLE,2023-12-01,9.616912,20.428001,2.8780003,78.899994,78.899994,0.0,36.74999,73.439995,32372.596
NICE VILLE,2024-01-01,9.05058,17.728,1.628,76.9,76.9,0.0,23.557316,50.399998,33647.613
NICE VILLE,2024-02-01,10.524479,19.228,4.028,216.79997,216.79997,0.0,26.61323,50.76,37807.117
NICE VILLE,2024-03-01,11.534249,21.778,4.678,249.90001,249.90001,0.0,36.719997,74.159996,43081.66
NICE VILLE,2024-04-01,14.084945,23.628,4.7780004,67.700005,67.6,0.07,27.943514,65.520004,48488.527
NICE VILLE,2024-05-01,16.837275,25.178001,9.377999,69.7,69.7,0.0,24.693481,54.36,53085.93
NICE VILLE,2024-06-01,20.41689,30.678001,12.6779995,52.3,52.3,0.0,28.236486,57.96,55400.703
NICE VILLE,2024-07-01,24.931093,32.578,17.328001,5.7000003,5.7000003,0.0,19.803272,50.76,54180.53
NICE VILLE,2024-08-01,26.43909,33.578,19.928001,5.6000004,5.6000004,0.0,19.95972,50.039997,50111.51
NICE VILLE,2024-09-01,20.300638,32.428,12.627999,153.3,153.3,0.0,25.103384,55.44,44923.29
NICE VILLE,2024-10-01,17.727396,25.328001,11.828,256.4,256.4,0.0,24.717085,51.48,39546.473
NICE VILLE,2024-11-01,12.6380005,21.778,3.9780002,30.6,30.6,0.0,29.54249,64.799995,34805.848
NICE VILLE,2024-12-01,8.657839,16.178,2.2779999,10.8,10.8,0.0,35.384537,79.2,32356.332
NICE VILLE,2025-01-01,9.420742,17.978,2.128,139.7,139.7,0.0,25.956223,61.56,33723.68
NICE VILLE,2025-02-01,9.761928,16.828001,2.928,43.399998,43.399998,0.0,23.40277,50.399998,37848.21
NICE VILLE,2025-03-01,11.258712,20.028,3.078,136.3,136.3,0.0,32.995525,74.88,43037.53
NICE VILLE,2025-04-01,14.481611,22.728,8.478,166.6,166.6,0.0,22.450264,50.399998,48447.52
NICE VILLE,2025-05-01,17.656763,26.878,10.228,46.100002,46.100002,0.0,29.207737,64.439995,53055.453
NICE VILLE,2025-06-01,24.915293,33.178,16.078001,7.9,7.9,0.0,24.152887,54.0,55395.223
NICE VILLE,2025-07-01,25.479143,33.928,18.578001,4.5,4.5,0.0,26.84958,61.56,54204.258
NICE VILLE,2025-08-01,25.786266,35.378002,17.428001,16.5,16.5,0.0,26.61323,64.799995,50147.44
NICE VILLE,2025-09-01,20.848486,28.728,11.877999,39.699997,39.699997,0.0,22.657845,50.76,44966.426
NICE VILLE,2025-10-01,17.313618,25.578001,9.228,52.9,52.9,0.0,25.22891,54.36,39585.082
NICE VILLE,2025-11-01,11.571195,20.378,2.0279999,74.5,71.9,1.82,22.224714,49.68,34838.836
NICE VILLE,2025-12-01,10.221749,15.877999,2.428,124.9,124.9,0.0,23.0653,47.16,32360.904
